"","Var2","value","depth"
"1","314001.cnv",0.1297,2
"2","314001.cnv",0.174,3
"3","314001.cnv",0.172,4
"4","314001.cnv",0.1307,5
"5","314001.cnv",0.1246,6
"6","314001.cnv",0.1082,7
"7","314001.cnv",0.1366,8
"8","314001.cnv",0.166,9
"9","314001.cnv",0.2022,10
"10","314001.cnv",0.2755,11
"11","314001.cnv",0.3052,12
"12","314001.cnv",0.3023,13
"13","314001.cnv",0.326,14
"14","314001.cnv",0.3972,15
"15","314001.cnv",0.4764,16
"16","314001.cnv",0.5356,17
"17","314001.cnv",0.5685,18
"18","314001.cnv",0.6923,19
"19","314001.cnv",0.6938,20
"20","314001.cnv",0.7034,21
"21","314001.cnv",0.8924,22
"22","314001.cnv",0.9101,23
"23","314001.cnv",1.0086,24
"24","314001.cnv",1.148,25
"25","314001.cnv",1.2303,26
"26","314001.cnv",1.2053,27
"27","314001.cnv",1.3297,28
"28","314001.cnv",1.2992,29
"29","314001.cnv",1.3175,30
"30","314001.cnv",1.3823,31
"31","314001.cnv",1.2945,32
"32","314001.cnv",1.1918,33
"33","314001.cnv",1.2304,34
"34","314001.cnv",1.0968,35
"35","314001.cnv",1.1572,36
"36","314001.cnv",1.235,37
"37","314001.cnv",1.1408,38
"38","314001.cnv",1.0441,39
"39","314001.cnv",1.0146,40
"40","314001.cnv",0.9468,41
"41","314001.cnv",0.9069,42
"42","314001.cnv",0.8349,43
"43","314001.cnv",0.7503,44
"44","314001.cnv",0.644,45
"45","314001.cnv",0.6533,46
"46","314001.cnv",0.5576,47
"47","314001.cnv",0.4762,48
"48","314001.cnv",0.4186,49
"49","314001.cnv",0.5085,50
"50","314001.cnv",0.3187,51
"51","314001.cnv",0.3333,52
"52","314001.cnv",0.376,53
"53","314001.cnv",0.3151,54
"54","314001.cnv",0.2662,55
"55","314001.cnv",0.2397,56
"56","314001.cnv",0.2175,57
"57","314001.cnv",0.1995,58
"58","314001.cnv",0.2192,59
"59","314001.cnv",0.1968,60
"60","314001.cnv",0.1455,61
"61","314001.cnv",0.1439,62
"62","314001.cnv",0.1208,63
"63","314001.cnv",0.1213,64
"64","314001.cnv",0.096,65
"65","314001.cnv",0.0812,66
"66","314001.cnv",0.0772,67
"67","314001.cnv",0.0652,68
"68","314001.cnv",0.0519,69
"69","314001.cnv",0.0581,70
"70","314001.cnv",0.0549,71
"71","314001.cnv",0.0344,72
"72","314001.cnv",0.0351,73
"73","314001.cnv",0.0172,74
"74","314001.cnv",0.0053,75
"75","314001.cnv",0.0162,76
"76","314001.cnv",0.0087,77
"77","314001.cnv",-0.0025,78
"78","314001.cnv",-0.0243,79
"79","314001.cnv",0.0013,80
"80","314001.cnv",-0.0124,81
"81","314001.cnv",-0.0152,82
"82","314001.cnv",-0.0034,83
"83","314001.cnv",-0.0265,84
"84","314001.cnv",-0.038,85
"85","314001.cnv",-0.0271,86
"86","314001.cnv",-0.0274,87
"87","314001.cnv",-0.0274,88
"88","314001.cnv",-0.0635,89
"89","314001.cnv",-0.0302,90
"90","314001.cnv",-0.0274,91
"91","314001.cnv",-0.0466,92
"92","314001.cnv",-0.0421,93
"93","314001.cnv",-0.0498,94
"94","314001.cnv",-0.0421,95
"95","314001.cnv",-0.0578,96
"96","314001.cnv",-0.0543,97
"97","314001.cnv",-0.0513,98
"98","314001.cnv",-0.0518,99
"99","314001.cnv",-0.0457,100
"100","314001.cnv",-0.0289,101
"101","314003.cnv",1.7025,2
"102","314003.cnv",0.837,3
"103","314003.cnv",1.0442,4
"104","314003.cnv",1.1238,5
"105","314003.cnv",1.0744,6
"106","314003.cnv",1.1321,7
"107","314003.cnv",1.3038,8
"108","314003.cnv",1.3085,9
"109","314003.cnv",1.4413,10
"110","314003.cnv",1.7142,11
"111","314003.cnv",1.6796,12
"112","314003.cnv",1.9947,13
"113","314003.cnv",2.2035,14
"114","314003.cnv",2.6517,15
"115","314003.cnv",2.5456,16
"116","314003.cnv",3.089,17
"117","314003.cnv",3.4266,18
"118","314003.cnv",3.741,19
"119","314003.cnv",4.1711,20
"120","314003.cnv",3.9948,21
"121","314003.cnv",4.0275,22
"122","314003.cnv",3.8911,23
"123","314003.cnv",3.7978,24
"124","314003.cnv",3.2792,25
"125","314003.cnv",2.7698,26
"126","314003.cnv",2.3687,27
"127","314003.cnv",2.5579,28
"128","314003.cnv",3.2533,29
"129","314003.cnv",2.4556,30
"130","314003.cnv",2.5578,31
"131","314003.cnv",2.3557,32
"132","314003.cnv",1.7114,33
"133","314003.cnv",1.3998,34
"134","314003.cnv",1.2167,35
"135","314003.cnv",0.9545,36
"136","314003.cnv",0.9283,37
"137","314003.cnv",0.9337,38
"138","314003.cnv",0.6931,39
"139","314003.cnv",0.6027,40
"140","314003.cnv",0.4627,41
"141","314003.cnv",0.687,42
"142","314003.cnv",0.3237,43
"143","314003.cnv",0.8287,44
"144","314003.cnv",0.4074,45
"145","314003.cnv",0.1582,46
"146","314003.cnv",0.205,47
"147","314003.cnv",0.1594,48
"148","314003.cnv",0.1466,49
"149","314003.cnv",0.1537,50
"150","314003.cnv",0.1341,51
"151","314003.cnv",0.1792,52
"152","314003.cnv",0.1454,53
"153","314003.cnv",0.051,54
"154","314003.cnv",0.0654,55
"155","314003.cnv",0.0728,56
"156","314003.cnv",0.064,57
"157","314003.cnv",0.0639,58
"158","314003.cnv",0.0217,59
"159","314003.cnv",0.0346,60
"160","314003.cnv",0.0466,61
"161","314003.cnv",0.0047,62
"162","314003.cnv",-0.003,63
"163","314003.cnv",-0.0035,64
"164","314003.cnv",0.0139,65
"165","314003.cnv",0.0064,66
"166","314003.cnv",6e-04,67
"167","314003.cnv",-0.0024,68
"168","314003.cnv",-0.019,69
"169","314003.cnv",-0.0274,70
"170","314003.cnv",-0.0274,71
"171","314003.cnv",-0.0393,72
"172","314003.cnv",0.0027,73
"173","314003.cnv",-0.0092,74
"174","314003.cnv",-0.0169,75
"175","314003.cnv",-0.0157,76
"176","314003.cnv",-0.0256,77
"177","314003.cnv",-0.0361,78
"178","314003.cnv",-0.0274,79
"179","314003.cnv",-0.0274,80
"180","314003.cnv",-0.0274,81
"181","314003.cnv",-0.046,82
"182","314003.cnv",-0.0449,83
"183","314003.cnv",-0.0392,84
"184","314003.cnv",-0.0396,85
"185","314003.cnv",-0.0396,86
"186","314003.cnv",-0.0396,87
"187","314003.cnv",-0.0396,88
"188","314003.cnv",-0.0396,89
"189","314003.cnv",-0.0518,90
"190","314003.cnv",-0.0303,91
"191","314003.cnv",-0.0451,92
"192","314003.cnv",-0.0469,93
"193","314003.cnv",-0.0435,94
"194","314003.cnv",-0.0518,95
"195","314003.cnv",-0.0518,96
"196","314003.cnv",-0.0403,97
"197","314003.cnv",-0.0597,98
"198","314003.cnv",-0.055,99
"199","314003.cnv",-0.0688,100
"200","314003.cnv",-0.0505,101
"201","314005.cnv",0.6871,2
"202","314005.cnv",0.6895,3
"203","314005.cnv",0.7169,4
"204","314005.cnv",0.7191,5
"205","314005.cnv",0.7469,6
"206","314005.cnv",0.6635,7
"207","314005.cnv",0.7119,8
"208","314005.cnv",0.7235,9
"209","314005.cnv",0.824,10
"210","314005.cnv",0.94,11
"211","314005.cnv",0.8913,12
"212","314005.cnv",1.0223,13
"213","314005.cnv",1.1621,14
"214","314005.cnv",1.1611,15
"215","314005.cnv",1.2976,16
"216","314005.cnv",1.6417,17
"217","314005.cnv",1.8051,18
"218","314005.cnv",1.9829,19
"219","314005.cnv",2.1029,20
"220","314005.cnv",2.2298,21
"221","314005.cnv",2.3836,22
"222","314005.cnv",2.5869,23
"223","314005.cnv",2.8898,24
"224","314005.cnv",2.8025,25
"225","314005.cnv",3.1022,26
"226","314005.cnv",3.2311,27
"227","314005.cnv",3.6681,28
"228","314005.cnv",3.6758,29
"229","314005.cnv",3.9562,30
"230","314005.cnv",4.1689,31
"231","314005.cnv",3.608,32
"232","314005.cnv",4.5031,33
"233","314005.cnv",4.1027,34
"234","314005.cnv",4.1735,35
"235","314005.cnv",3.9934,36
"236","314005.cnv",3.607,37
"237","314005.cnv",3.1241,38
"238","314005.cnv",3.3493,39
"239","314005.cnv",2.7606,40
"240","314005.cnv",3.081,41
"241","314005.cnv",2.7036,42
"242","314005.cnv",2.6281,43
"243","314005.cnv",1.9437,44
"244","314005.cnv",2.3946,45
"245","314005.cnv",1.3486,46
"246","314005.cnv",0.9259,47
"247","314005.cnv",0.8074,48
"248","314005.cnv",0.5804,49
"249","314005.cnv",0.5311,50
"250","314005.cnv",0.4936,51
"251","314005.cnv",0.4495,52
"252","314005.cnv",0.4182,53
"253","314005.cnv",0.3749,54
"254","314005.cnv",0.2896,55
"255","314005.cnv",0.3144,56
"256","314005.cnv",0.258,57
"257","314005.cnv",0.2387,58
"258","314005.cnv",0.1578,59
"259","314005.cnv",0.119,60
"260","314005.cnv",0.0781,61
"261","314005.cnv",0.5738,62
"262","314005.cnv",0.1221,63
"263","314005.cnv",0.0976,64
"264","314005.cnv",0.0311,65
"265","314005.cnv",0.0022,66
"266","314005.cnv",-2e-04,67
"267","314005.cnv",0.017,68
"268","314005.cnv",0.0199,69
"269","314005.cnv",0.0065,70
"270","314005.cnv",0.0191,71
"271","314005.cnv",-0.0172,72
"272","314005.cnv",-0.0189,73
"273","314005.cnv",-0.0195,74
"274","314005.cnv",-0.0276,75
"275","314005.cnv",-0.0274,76
"276","314005.cnv",-0.0274,77
"277","314005.cnv",-0.0274,78
"278","314005.cnv",-0.0098,79
"279","314005.cnv",-0.0173,80
"280","314005.cnv",-0.0273,81
"281","314005.cnv",-0.0234,82
"282","314005.cnv",-0.0117,83
"283","314005.cnv",-0.0258,84
"284","314005.cnv",-0.0127,85
"285","314005.cnv",-0.0091,86
"286","314005.cnv",-0.0281,87
"287","314005.cnv",-0.0274,88
"288","314005.cnv",-0.0274,89
"289","314005.cnv",-0.0437,90
"290","314005.cnv",-0.0317,91
"291","314005.cnv",-0.0184,92
"292","314005.cnv",-0.0281,93
"293","314005.cnv",-0.0369,94
"294","314005.cnv",-0.0508,95
"295","314005.cnv",0.0351,96
"296","314005.cnv",0.017,97
"297","314005.cnv",-0.0187,98
"298","314005.cnv",-0.0128,99
"299","314005.cnv",-0.0136,100
"300","314005.cnv",-0.0257,101
"301","314006.cnv",0.5675,2
"302","314006.cnv",0.5413,3
"303","314006.cnv",0.4993,4
"304","314006.cnv",0.5098,5
"305","314006.cnv",0.6609,6
"306","314006.cnv",0.6898,7
"307","314006.cnv",0.7135,8
"308","314006.cnv",0.7542,9
"309","314006.cnv",0.7103,10
"310","314006.cnv",0.7856,11
"311","314006.cnv",0.8839,12
"312","314006.cnv",1.1298,13
"313","314006.cnv",1.4555,14
"314","314006.cnv",1.5225,15
"315","314006.cnv",1.6403,16
"316","314006.cnv",1.5586,17
"317","314006.cnv",1.6105,18
"318","314006.cnv",1.6719,19
"319","314006.cnv",1.7485,20
"320","314006.cnv",1.7547,21
"321","314006.cnv",1.7269,22
"322","314006.cnv",1.693,23
"323","314006.cnv",1.6203,24
"324","314006.cnv",1.517,25
"325","314006.cnv",1.3737,26
"326","314006.cnv",1.3166,27
"327","314006.cnv",1.2465,28
"328","314006.cnv",0.9657,29
"329","314006.cnv",0.9301,30
"330","314006.cnv",1.0418,31
"331","314006.cnv",0.8567,32
"332","314006.cnv",0.8683,33
"333","314006.cnv",0.828,34
"334","314006.cnv",0.818,35
"335","314006.cnv",0.5455,36
"336","314006.cnv",0.6407,37
"337","314006.cnv",0.6637,38
"338","314006.cnv",0.475,39
"339","314006.cnv",0.5159,40
"340","314006.cnv",0.5604,41
"341","314006.cnv",0.43,42
"342","314006.cnv",0.3763,43
"343","314006.cnv",0.417,44
"344","314006.cnv",0.3327,45
"345","314006.cnv",0.3641,46
"346","314006.cnv",0.3015,47
"347","314006.cnv",0.2606,48
"348","314006.cnv",0.2535,49
"349","314006.cnv",0.2534,50
"350","314006.cnv",0.2422,51
"351","314006.cnv",0.2107,52
"352","314006.cnv",0.2071,53
"353","314006.cnv",0.2093,54
"354","314006.cnv",0.2038,55
"355","314006.cnv",0.1589,56
"356","314006.cnv",0.1083,57
"357","314006.cnv",0.0617,58
"358","314006.cnv",0.0111,59
"359","314006.cnv",-0.0126,60
"360","314006.cnv",0.0057,61
"361","314006.cnv",0.018,62
"362","314006.cnv",0.0187,63
"363","314006.cnv",0.0181,64
"364","314006.cnv",0.018,65
"365","314006.cnv",0.0039,66
"366","314006.cnv",0.0056,67
"367","314006.cnv",0.0039,68
"368","314006.cnv",0.0089,69
"369","314006.cnv",0.0103,70
"370","314006.cnv",-0.0025,71
"371","314006.cnv",0.0034,72
"372","314006.cnv",0.0026,73
"373","314006.cnv",-0.0083,74
"374","314006.cnv",-0.0115,75
"375","314006.cnv",-0.005,76
"376","314006.cnv",-0.0135,77
"377","314006.cnv",-0.0121,78
"378","314006.cnv",-0.0216,79
"379","314006.cnv",-0.0254,80
"380","314006.cnv",-0.0373,81
"381","314006.cnv",-0.0147,82
"382","314006.cnv",-0.0133,83
"383","314006.cnv",-0.0084,84
"384","314006.cnv",-0.022,85
"385","314006.cnv",-0.0149,86
"386","314006.cnv",-0.0315,87
"387","314006.cnv",-0.0367,88
"388","314006.cnv",-0.0219,89
"389","314006.cnv",-0.0206,90
"390","314006.cnv",-0.0276,91
"391","314006.cnv",-0.0274,92
"392","314006.cnv",-0.0241,93
"393","314006.cnv",-0.0361,94
"394","314006.cnv",-0.0311,95
"395","314006.cnv",-0.0199,96
"396","314006.cnv",-0.0424,97
"397","314006.cnv",-0.0469,98
"398","314006.cnv",-0.0301,99
"399","314006.cnv",-0.0629,100
"400","314006.cnv",-0.0212,101
"401","314007.cnv",1.75,2
"402","314007.cnv",2.1613,3
"403","314007.cnv",1.6393,4
"404","314007.cnv",1.4075,5
"405","314007.cnv",1.3994,6
"406","314007.cnv",1.1733,7
"407","314007.cnv",1.1157,8
"408","314007.cnv",1.1507,9
"409","314007.cnv",1.0562,10
"410","314007.cnv",0.9206,11
"411","314007.cnv",0.9616,12
"412","314007.cnv",0.9558,13
"413","314007.cnv",0.9659,14
"414","314007.cnv",1.0221,15
"415","314007.cnv",1.0987,16
"416","314007.cnv",1.1054,17
"417","314007.cnv",1.1031,18
"418","314007.cnv",1.1425,19
"419","314007.cnv",1.0695,20
"420","314007.cnv",1.1013,21
"421","314007.cnv",1.1286,22
"422","314007.cnv",1.0557,23
"423","314007.cnv",1.0657,24
"424","314007.cnv",1.0691,25
"425","314007.cnv",1.0463,26
"426","314007.cnv",0.9852,27
"427","314007.cnv",0.8616,28
"428","314007.cnv",0.6196,29
"429","314007.cnv",0.8411,30
"430","314007.cnv",0.961,31
"431","314007.cnv",1.0007,32
"432","314007.cnv",1.074,33
"433","314007.cnv",1.0612,34
"434","314007.cnv",1.0373,35
"435","314007.cnv",1.0679,36
"436","314007.cnv",0.9249,37
"437","314007.cnv",0.925,38
"438","314007.cnv",0.8626,39
"439","314007.cnv",0.8179,40
"440","314007.cnv",0.7608,41
"441","314007.cnv",0.6725,42
"442","314007.cnv",0.6853,43
"443","314007.cnv",0.6836,44
"444","314007.cnv",0.727,45
"445","314007.cnv",0.725,46
"446","314007.cnv",0.6697,47
"447","314007.cnv",0.6429,48
"448","314007.cnv",0.5842,49
"449","314007.cnv",0.5933,50
"450","314007.cnv",0.653,51
"451","314007.cnv",0.7035,52
"452","314007.cnv",0.6627,53
"453","314007.cnv",0.7011,54
"454","314007.cnv",0.7145,55
"455","314007.cnv",0.6854,56
"456","314007.cnv",0.6393,57
"457","314007.cnv",0.5833,58
"458","314007.cnv",0.5836,59
"459","314007.cnv",0.4992,60
"460","314007.cnv",0.5182,61
"461","314007.cnv",0.5034,62
"462","314007.cnv",0.7398,63
"463","314007.cnv",0.5713,64
"464","314007.cnv",0.4393,65
"465","314007.cnv",0.368,66
"466","314007.cnv",0.337,67
"467","314007.cnv",0.29,68
"468","314007.cnv",0.1882,69
"469","314007.cnv",0.2122,70
"470","314007.cnv",0.2509,71
"471","314007.cnv",0.1999,72
"472","314007.cnv",0.1548,73
"473","314007.cnv",0.127,74
"474","314007.cnv",0.0877,75
"475","314007.cnv",0.088,76
"476","314007.cnv",0.0869,77
"477","314007.cnv",0.0614,78
"478","314007.cnv",0.0616,79
"479","314007.cnv",0.0211,80
"480","314007.cnv",0.0132,81
"481","314007.cnv",0.0042,82
"482","314007.cnv",0.0025,83
"483","314007.cnv",0.0186,84
"484","314007.cnv",-1e-04,85
"485","314007.cnv",0.0026,86
"486","314007.cnv",0.0047,87
"487","314007.cnv",-0.0116,88
"488","314007.cnv",-0.006,89
"489","314007.cnv",-0.027,90
"490","314007.cnv",-0.0184,91
"491","314007.cnv",-0.0164,92
"492","314007.cnv",-0.0158,93
"493","314007.cnv",-0.018,94
"494","314007.cnv",-0.0272,95
"495","314007.cnv",-0.0274,96
"496","314007.cnv",-0.0274,97
"497","314007.cnv",-0.0236,98
"498","314007.cnv",-0.0328,99
"499","314007.cnv",-0.0456,100
"500","314007.cnv",-0.0507,101
"501","314008.cnv",0.533,2
"502","314008.cnv",0.5431,3
"503","314008.cnv",0.5669,4
"504","314008.cnv",0.5683,5
"505","314008.cnv",0.5154,6
"506","314008.cnv",0.6068,7
"507","314008.cnv",0.5647,8
"508","314008.cnv",0.5333,9
"509","314008.cnv",0.5687,10
"510","314008.cnv",0.5784,11
"511","314008.cnv",0.624,12
"512","314008.cnv",0.6584,13
"513","314008.cnv",0.5667,14
"514","314008.cnv",0.4909,15
"515","314008.cnv",0.5557,16
"516","314008.cnv",0.4818,17
"517","314008.cnv",0.5456,18
"518","314008.cnv",0.5498,19
"519","314008.cnv",0.5172,20
"520","314008.cnv",1.0897,21
"521","314008.cnv",0.6552,22
"522","314008.cnv",0.5223,23
"523","314008.cnv",0.6186,24
"524","314008.cnv",0.7258,25
"525","314008.cnv",0.7093,26
"526","314008.cnv",0.7726,27
"527","314008.cnv",0.8016,28
"528","314008.cnv",0.9476,29
"529","314008.cnv",0.8085,30
"530","314008.cnv",0.9001,31
"531","314008.cnv",1.0826,32
"532","314008.cnv",1.0759,33
"533","314008.cnv",1.1118,34
"534","314008.cnv",0.8357,35
"535","314008.cnv",0.6083,36
"536","314008.cnv",0.5121,37
"537","314008.cnv",0.4244,38
"538","314008.cnv",0.3977,39
"539","314008.cnv",0.3847,40
"540","314008.cnv",0.3673,41
"541","314008.cnv",0.3513,42
"542","314008.cnv",0.3739,43
"543","314008.cnv",0.3399,44
"544","314008.cnv",0.2995,45
"545","314008.cnv",0.2937,46
"546","314008.cnv",0.3142,47
"547","314008.cnv",0.2844,48
"548","314008.cnv",0.2778,49
"549","314008.cnv",0.2701,50
"550","314008.cnv",0.2738,51
"551","314008.cnv",0.1919,52
"552","314008.cnv",0.1906,53
"553","314008.cnv",0.1436,54
"554","314008.cnv",0.1142,55
"555","314008.cnv",0.0779,56
"556","314008.cnv",0.0827,57
"557","314008.cnv",0.063,58
"558","314008.cnv",0.0377,59
"559","314008.cnv",0.0269,60
"560","314008.cnv",0.0223,61
"561","314008.cnv",0.0091,62
"562","314008.cnv",-0.003,63
"563","314008.cnv",0.0019,64
"564","314008.cnv",0.0199,65
"565","314008.cnv",0.0124,66
"566","314008.cnv",0.0131,67
"567","314008.cnv",0.0268,68
"568","314008.cnv",0.0315,69
"569","314008.cnv",0.0074,70
"570","314008.cnv",-0.0038,71
"571","314008.cnv",-6e-04,72
"572","314008.cnv",5e-04,73
"573","314008.cnv",0.0146,74
"574","314008.cnv",0.0083,75
"575","314008.cnv",6e-04,76
"576","314008.cnv",-0.0169,77
"577","314008.cnv",-0.0249,78
"578","314008.cnv",-0.0086,79
"579","314008.cnv",-0.0174,80
"580","314008.cnv",-0.012,81
"581","314008.cnv",-0.021,82
"582","314008.cnv",-0.0168,83
"583","314008.cnv",-0.0176,84
"584","314008.cnv",-0.0228,85
"585","314008.cnv",-0.0218,86
"586","314008.cnv",-0.0232,87
"587","314008.cnv",-0.02,88
"588","314008.cnv",-0.0108,89
"589","314008.cnv",-0.0178,90
"590","314008.cnv",-0.0263,91
"591","314008.cnv",-0.0211,92
"592","314008.cnv",-0.042,93
"593","314008.cnv",-0.0345,94
"594","314008.cnv",-0.0158,95
"595","314008.cnv",-0.0213,96
"596","314008.cnv",-0.0554,97
"597","314008.cnv",-0.0356,98
"598","314008.cnv",-0.0479,99
"599","314008.cnv",-0.0183,100
"600","314008.cnv",-0.0233,101
"601","314011.cnv",0.1164,2
"602","314011.cnv",0.1242,3
"603","314011.cnv",0.1337,4
"604","314011.cnv",0.1225,5
"605","314011.cnv",0.1277,6
"606","314011.cnv",0.1403,7
"607","314011.cnv",0.1763,8
"608","314011.cnv",0.1689,9
"609","314011.cnv",0.1702,10
"610","314011.cnv",0.1676,11
"611","314011.cnv",0.1565,12
"612","314011.cnv",0.1798,13
"613","314011.cnv",0.1875,14
"614","314011.cnv",0.1784,15
"615","314011.cnv",0.1957,16
"616","314011.cnv",0.2233,17
"617","314011.cnv",0.2206,18
"618","314011.cnv",0.2345,19
"619","314011.cnv",0.2508,20
"620","314011.cnv",0.2431,21
"621","314011.cnv",0.2858,22
"622","314011.cnv",0.2784,23
"623","314011.cnv",0.2701,24
"624","314011.cnv",0.2708,25
"625","314011.cnv",0.2895,26
"626","314011.cnv",0.3085,27
"627","314011.cnv",0.33,28
"628","314011.cnv",0.4813,29
"629","314011.cnv",0.63,30
"630","314011.cnv",0.8369,31
"631","314011.cnv",1.0718,32
"632","314011.cnv",1.2688,33
"633","314011.cnv",1.3946,34
"634","314011.cnv",1.3627,35
"635","314011.cnv",1.2513,36
"636","314011.cnv",1.152,37
"637","314011.cnv",0.9598,38
"638","314011.cnv",0.8453,39
"639","314011.cnv",0.7389,40
"640","314011.cnv",0.5993,41
"641","314011.cnv",0.4626,42
"642","314011.cnv",0.4102,43
"643","314011.cnv",0.2988,44
"644","314011.cnv",0.2609,45
"645","314011.cnv",0.2291,46
"646","314011.cnv",0.2339,47
"647","314011.cnv",0.1935,48
"648","314011.cnv",0.1924,49
"649","314011.cnv",0.2123,50
"650","314011.cnv",0.1637,51
"651","314011.cnv",0.1318,52
"652","314011.cnv",0.1134,53
"653","314011.cnv",0.0794,54
"654","314011.cnv",0.0586,55
"655","314011.cnv",0.0677,56
"656","314011.cnv",0.0251,57
"657","314011.cnv",0.0357,58
"658","314011.cnv",0.022,59
"659","314011.cnv",0.0142,60
"660","314011.cnv",0.0217,61
"661","314011.cnv",0.0193,62
"662","314011.cnv",0.0224,63
"663","314011.cnv",0.0219,64
"664","314011.cnv",0.0192,65
"665","314011.cnv",0.0195,66
"666","314011.cnv",0.0183,67
"667","314011.cnv",0.0335,68
"668","314011.cnv",0.0204,69
"669","314011.cnv",0.0431,70
"670","314011.cnv",0.0241,71
"671","314011.cnv",0.0338,72
"672","314011.cnv",0.0354,73
"673","314011.cnv",0.0337,74
"674","314011.cnv",0.0242,75
"675","314011.cnv",0.0614,76
"676","314011.cnv",0.0339,77
"677","314011.cnv",0.0382,78
"678","314011.cnv",0.0376,79
"679","314011.cnv",0.0301,80
"680","314011.cnv",0.0387,81
"681","314011.cnv",0.0253,82
"682","314011.cnv",0.0337,83
"683","314011.cnv",0.0199,84
"684","314011.cnv",0.0238,85
"685","314011.cnv",0.0349,86
"686","314011.cnv",0.0204,87
"687","314011.cnv",0.0214,88
"688","314011.cnv",0.0278,89
"689","314011.cnv",0.0293,90
"690","314011.cnv",0.0223,91
"691","314011.cnv",0.0219,92
"692","314011.cnv",0.0337,93
"693","314011.cnv",0.0275,94
"694","314011.cnv",0.0212,95
"695","314011.cnv",0.0219,96
"696","314011.cnv",0.0125,97
"697","314011.cnv",0.0141,98
"698","314011.cnv",0.0211,99
"699","314011.cnv",0.0095,100
"700","314011.cnv",0.0029,101
"701","314013.cnv",0.19,2
"702","314013.cnv",0.2033,3
"703","314013.cnv",0.1878,4
"704","314013.cnv",0.1601,5
"705","314013.cnv",0.1827,6
"706","314013.cnv",0.2703,7
"707","314013.cnv",0.219,8
"708","314013.cnv",0.2748,9
"709","314013.cnv",0.1881,10
"710","314013.cnv",0.1937,11
"711","314013.cnv",0.2136,12
"712","314013.cnv",0.2183,13
"713","314013.cnv",0.2205,14
"714","314013.cnv",0.2556,15
"715","314013.cnv",0.2533,16
"716","314013.cnv",0.2461,17
"717","314013.cnv",0.2977,18
"718","314013.cnv",0.3133,19
"719","314013.cnv",0.3044,20
"720","314013.cnv",0.3447,21
"721","314013.cnv",0.3517,22
"722","314013.cnv",0.3799,23
"723","314013.cnv",0.4114,24
"724","314013.cnv",0.479,25
"725","314013.cnv",0.4926,26
"726","314013.cnv",0.6176,27
"727","314013.cnv",0.6787,28
"728","314013.cnv",0.7475,29
"729","314013.cnv",0.8451,30
"730","314013.cnv",1.0176,31
"731","314013.cnv",1.2268,32
"732","314013.cnv",1.4763,33
"733","314013.cnv",1.6956,34
"734","314013.cnv",1.8024,35
"735","314013.cnv",1.8802,36
"736","314013.cnv",1.7188,37
"737","314013.cnv",1.6964,38
"738","314013.cnv",1.7199,39
"739","314013.cnv",1.7665,40
"740","314013.cnv",1.5813,41
"741","314013.cnv",1.6005,42
"742","314013.cnv",1.4809,43
"743","314013.cnv",1.2543,44
"744","314013.cnv",1.1074,45
"745","314013.cnv",0.8982,46
"746","314013.cnv",0.8576,47
"747","314013.cnv",0.8317,48
"748","314013.cnv",0.7835,49
"749","314013.cnv",0.7497,50
"750","314013.cnv",0.693,51
"751","314013.cnv",0.6925,52
"752","314013.cnv",0.622,53
"753","314013.cnv",0.5445,54
"754","314013.cnv",0.5864,55
"755","314013.cnv",0.5032,56
"756","314013.cnv",0.4015,57
"757","314013.cnv",0.3665,58
"758","314013.cnv",0.3508,59
"759","314013.cnv",0.3526,60
"760","314013.cnv",0.3648,61
"761","314013.cnv",0.3656,62
"762","314013.cnv",0.3121,63
"763","314013.cnv",0.2894,64
"764","314013.cnv",0.2458,65
"765","314013.cnv",0.207,66
"766","314013.cnv",0.1605,67
"767","314013.cnv",0.1677,68
"768","314013.cnv",0.1362,69
"769","314013.cnv",0.1336,70
"770","314013.cnv",0.0939,71
"771","314013.cnv",0.0951,72
"772","314013.cnv",0.1003,73
"773","314013.cnv",0.0854,74
"774","314013.cnv",0.0968,75
"775","314013.cnv",0.0869,76
"776","314013.cnv",0.0707,77
"777","314013.cnv",0.0703,78
"778","314013.cnv",0.0874,79
"779","314013.cnv",0.0459,80
"780","314013.cnv",0.0251,81
"781","314013.cnv",0.021,82
"782","314013.cnv",0.0209,83
"783","314013.cnv",0.0205,84
"784","314013.cnv",0.0218,85
"785","314013.cnv",0.0273,86
"786","314013.cnv",0.0197,87
"787","314013.cnv",0.0036,88
"788","314013.cnv",0.0112,89
"789","314013.cnv",0.0105,90
"790","314013.cnv",-0.0016,91
"791","314013.cnv",-0.0247,92
"792","314013.cnv",-0.0064,93
"793","314013.cnv",0.0027,94
"794","314013.cnv",-0.0145,95
"795","314013.cnv",0.0054,96
"796","314013.cnv",-0.0054,97
"797","314013.cnv",0.0772,98
"798","314013.cnv",-0.0195,99
"799","314013.cnv",-0.0178,100
"800","314013.cnv",-0.0269,101
"801","314014.cnv",0.2732,2
"802","314014.cnv",0.3337,3
"803","314014.cnv",0.3425,4
"804","314014.cnv",0.4228,5
"805","314014.cnv",0.5501,6
"806","314014.cnv",0.3652,7
"807","314014.cnv",0.3455,8
"808","314014.cnv",0.3831,9
"809","314014.cnv",0.4201,10
"810","314014.cnv",0.3984,11
"811","314014.cnv",0.5092,12
"812","314014.cnv",0.5081,13
"813","314014.cnv",0.6464,14
"814","314014.cnv",0.8163,15
"815","314014.cnv",0.7171,16
"816","314014.cnv",0.8476,17
"817","314014.cnv",0.7978,18
"818","314014.cnv",0.8402,19
"819","314014.cnv",0.868,20
"820","314014.cnv",0.864,21
"821","314014.cnv",0.8695,22
"822","314014.cnv",0.9213,23
"823","314014.cnv",0.9774,24
"824","314014.cnv",1.0229,25
"825","314014.cnv",1.0991,26
"826","314014.cnv",1.3041,27
"827","314014.cnv",1.6692,28
"828","314014.cnv",1.6939,29
"829","314014.cnv",1.6455,30
"830","314014.cnv",1.6066,31
"831","314014.cnv",1.5168,32
"832","314014.cnv",1.393,33
"833","314014.cnv",1.4012,34
"834","314014.cnv",1.429,35
"835","314014.cnv",1.2755,36
"836","314014.cnv",1.3513,37
"837","314014.cnv",1.2167,38
"838","314014.cnv",1.0858,39
"839","314014.cnv",0.8964,40
"840","314014.cnv",0.7482,41
"841","314014.cnv",0.7607,42
"842","314014.cnv",0.8538,43
"843","314014.cnv",0.9179,44
"844","314014.cnv",0.87,45
"845","314014.cnv",0.7924,46
"846","314014.cnv",0.7172,47
"847","314014.cnv",0.6759,48
"848","314014.cnv",0.656,49
"849","314014.cnv",0.5825,50
"850","314014.cnv",0.6062,51
"851","314014.cnv",0.5635,52
"852","314014.cnv",0.5094,53
"853","314014.cnv",0.505,54
"854","314014.cnv",0.4078,55
"855","314014.cnv",0.34,56
"856","314014.cnv",0.2708,57
"857","314014.cnv",0.1929,58
"858","314014.cnv",0.1644,59
"859","314014.cnv",0.1692,60
"860","314014.cnv",0.2005,61
"861","314014.cnv",0.2075,62
"862","314014.cnv",0.2161,63
"863","314014.cnv",0.1655,64
"864","314014.cnv",0.1434,65
"865","314014.cnv",0.1043,66
"866","314014.cnv",0.0841,67
"867","314014.cnv",0.0895,68
"868","314014.cnv",0.0736,69
"869","314014.cnv",0.0582,70
"870","314014.cnv",0.0428,71
"871","314014.cnv",0.0314,72
"872","314014.cnv",0.0244,73
"873","314014.cnv",0.0187,74
"874","314014.cnv",-0.0046,75
"875","314014.cnv",-0.0061,76
"876","314014.cnv",-0.0011,77
"877","314014.cnv",-0.0025,78
"878","314014.cnv",-0.0156,79
"879","314014.cnv",-0.0326,80
"880","314014.cnv",-0.0503,81
"881","314014.cnv",-0.0201,82
"882","314014.cnv",-0.0321,83
"883","314014.cnv",-0.0454,84
"884","314014.cnv",-0.0467,85
"885","314014.cnv",-0.0397,86
"886","314014.cnv",-0.04,87
"887","314014.cnv",-0.0481,88
"888","314014.cnv",-0.0617,89
"889","314014.cnv",-0.0624,90
"890","314014.cnv",-0.0517,91
"891","314014.cnv",-0.0463,92
"892","314014.cnv",-0.0395,93
"893","314014.cnv",-0.0504,94
"894","314014.cnv",-0.059,95
"895","314014.cnv",-0.0384,96
"896","314014.cnv",-0.0455,97
"897","314014.cnv",-0.0519,98
"898","314014.cnv",-0.0527,99
"899","314014.cnv",-0.06,100
"900","314014.cnv",-0.0424,101
"901","314017.cnv",0.4193,2
"902","314017.cnv",0.4748,3
"903","314017.cnv",0.3816,4
"904","314017.cnv",0.4242,5
"905","314017.cnv",0.3309,6
"906","314017.cnv",0.323,7
"907","314017.cnv",0.3764,8
"908","314017.cnv",0.3719,9
"909","314017.cnv",0.2864,10
"910","314017.cnv",0.3865,11
"911","314017.cnv",0.2289,12
"912","314017.cnv",0.2648,13
"913","314017.cnv",0.4238,14
"914","314017.cnv",0.478,15
"915","314017.cnv",0.5594,16
"916","314017.cnv",0.6385,17
"917","314017.cnv",0.6983,18
"918","314017.cnv",0.8637,19
"919","314017.cnv",1.2171,20
"920","314017.cnv",1.3089,21
"921","314017.cnv",1.3675,22
"922","314017.cnv",1.4055,23
"923","314017.cnv",1.3514,24
"924","314017.cnv",1.2613,25
"925","314017.cnv",1.2353,26
"926","314017.cnv",1.1685,27
"927","314017.cnv",1.1154,28
"928","314017.cnv",1.0141,29
"929","314017.cnv",0.9433,30
"930","314017.cnv",0.9943,31
"931","314017.cnv",0.9234,32
"932","314017.cnv",0.734,33
"933","314017.cnv",0.619,34
"934","314017.cnv",0.5447,35
"935","314017.cnv",0.4574,36
"936","314017.cnv",0.3832,37
"937","314017.cnv",0.2957,38
"938","314017.cnv",0.2372,39
"939","314017.cnv",0.189,40
"940","314017.cnv",0.1474,41
"941","314017.cnv",0.1519,42
"942","314017.cnv",0.1256,43
"943","314017.cnv",0.1179,44
"944","314017.cnv",0.0871,45
"945","314017.cnv",0.0775,46
"946","314017.cnv",0.0812,47
"947","314017.cnv",0.0619,48
"948","314017.cnv",0.0701,49
"949","314017.cnv",0.0746,50
"950","314017.cnv",0.0582,51
"951","314017.cnv",0.0581,52
"952","314017.cnv",0.0514,53
"953","314017.cnv",0.0349,54
"954","314017.cnv",0.0238,55
"955","314017.cnv",0.0317,56
"956","314017.cnv",0.0557,57
"957","314017.cnv",0.0225,58
"958","314017.cnv",0.0191,59
"959","314017.cnv",0.0395,60
"960","314017.cnv",0.0174,61
"961","314017.cnv",0.0185,62
"962","314017.cnv",0.0168,63
"963","314017.cnv",9e-04,64
"964","314017.cnv",-0.0209,65
"965","314017.cnv",-0.0164,66
"966","314017.cnv",-0.0267,67
"967","314017.cnv",-0.0386,68
"968","314017.cnv",-0.0296,69
"969","314017.cnv",-0.02,70
"970","314017.cnv",-0.0198,71
"971","314017.cnv",-0.0151,72
"972","314017.cnv",-0.0279,73
"973","314017.cnv",-0.0312,74
"974","314017.cnv",-0.034,75
"975","314017.cnv",-0.0213,76
"976","314017.cnv",-0.0257,77
"977","314017.cnv",-0.0274,78
"978","314017.cnv",-0.0499,79
"979","314017.cnv",-0.0426,80
"980","314017.cnv",-0.0416,81
"981","314017.cnv",-0.0409,82
"982","314017.cnv",-0.0662,83
"983","314017.cnv",-0.07,84
"984","314017.cnv",-0.0532,85
"985","314017.cnv",-0.047,86
"986","314017.cnv",-0.0522,87
"987","314017.cnv",-0.0638,88
"988","314017.cnv",-0.0616,89
"989","314017.cnv",-0.0393,90
"990","314017.cnv",-0.0278,91
"991","314017.cnv",-0.0645,92
"992","314017.cnv",-0.0523,93
"993","314017.cnv",-0.0531,94
"994","314017.cnv",-0.0561,95
"995","314017.cnv",-0.0519,96
"996","314017.cnv",-0.0637,97
"997","314017.cnv",-0.0735,98
"998","314017.cnv",-0.0607,99
"999","314017.cnv",-0.0556,100
"1000","314017.cnv",-0.0602,101
"1001","314018.cnv",0.2057,2
"1002","314018.cnv",0.1776,3
"1003","314018.cnv",0.1874,4
"1004","314018.cnv",0.1665,5
"1005","314018.cnv",0.1636,6
"1006","314018.cnv",0.1705,7
"1007","314018.cnv",0.1772,8
"1008","314018.cnv",0.1488,9
"1009","314018.cnv",0.1979,10
"1010","314018.cnv",0.2686,11
"1011","314018.cnv",0.3021,12
"1012","314018.cnv",0.2012,13
"1013","314018.cnv",0.2265,14
"1014","314018.cnv",0.2743,15
"1015","314018.cnv",0.2585,16
"1016","314018.cnv",0.2831,17
"1017","314018.cnv",0.3258,18
"1018","314018.cnv",0.3703,19
"1019","314018.cnv",0.4304,20
"1020","314018.cnv",0.5201,21
"1021","314018.cnv",0.5887,22
"1022","314018.cnv",0.7055,23
"1023","314018.cnv",0.8442,24
"1024","314018.cnv",1.0171,25
"1025","314018.cnv",1.1109,26
"1026","314018.cnv",1.1764,27
"1027","314018.cnv",1.2269,28
"1028","314018.cnv",1.1597,29
"1029","314018.cnv",1.04,30
"1030","314018.cnv",0.8982,31
"1031","314018.cnv",0.753,32
"1032","314018.cnv",0.7436,33
"1033","314018.cnv",0.5909,34
"1034","314018.cnv",0.5519,35
"1035","314018.cnv",0.4994,36
"1036","314018.cnv",0.4925,37
"1037","314018.cnv",0.5337,38
"1038","314018.cnv",0.4178,39
"1039","314018.cnv",0.394,40
"1040","314018.cnv",0.3792,41
"1041","314018.cnv",0.3271,42
"1042","314018.cnv",0.302,43
"1043","314018.cnv",0.2739,44
"1044","314018.cnv",0.2845,45
"1045","314018.cnv",0.2665,46
"1046","314018.cnv",0.2745,47
"1047","314018.cnv",0.2779,48
"1048","314018.cnv",0.2422,49
"1049","314018.cnv",0.1695,50
"1050","314018.cnv",0.1806,51
"1051","314018.cnv",0.1705,52
"1052","314018.cnv",0.1597,53
"1053","314018.cnv",0.1562,54
"1054","314018.cnv",0.1366,55
"1055","314018.cnv",0.1115,56
"1056","314018.cnv",0.0873,57
"1057","314018.cnv",0.0631,58
"1058","314018.cnv",0.0585,59
"1059","314018.cnv",0.0784,60
"1060","314018.cnv",0.0284,61
"1061","314018.cnv",0.0206,62
"1062","314018.cnv",0.0176,63
"1063","314018.cnv",0.0061,64
"1064","314018.cnv",-0.004,65
"1065","314018.cnv",-0.0011,66
"1066","314018.cnv",-0.0162,67
"1067","314018.cnv",-0.0172,68
"1068","314018.cnv",-0.016,69
"1069","314018.cnv",-0.0043,70
"1070","314018.cnv",-0.0203,71
"1071","314018.cnv",-0.0168,72
"1072","314018.cnv",-0.0214,73
"1073","314018.cnv",-0.0137,74
"1074","314018.cnv",-0.0054,75
"1075","314018.cnv",0.0016,76
"1076","314018.cnv",-0.003,77
"1077","314018.cnv",-0.0026,78
"1078","314018.cnv",0.0028,79
"1079","314018.cnv",0.0041,80
"1080","314018.cnv",-0.0015,81
"1081","314018.cnv",-0.0147,82
"1082","314018.cnv",-0.0144,83
"1083","314018.cnv",-0.0051,84
"1084","314018.cnv",-0.0109,85
"1085","314018.cnv",-0.0083,86
"1086","314018.cnv",-0.0137,87
"1087","314018.cnv",-0.0151,88
"1088","314018.cnv",-0.0182,89
"1089","314018.cnv",-0.0315,90
"1090","314018.cnv",-0.0396,91
"1091","314018.cnv",-0.0317,92
"1092","314018.cnv",-0.0516,93
"1093","314018.cnv",-0.0196,94
"1094","314018.cnv",-0.0479,95
"1095","314018.cnv",-0.04,96
"1096","314018.cnv",-0.047,97
"1097","314018.cnv",-0.073,98
"1098","314018.cnv",-0.0424,99
"1099","314018.cnv",-0.0396,100
"1100","314018.cnv",-0.0323,101
"1101","314019.cnv",0.1665,2
"1102","314019.cnv",0.2106,3
"1103","314019.cnv",0.1942,4
"1104","314019.cnv",0.1954,5
"1105","314019.cnv",0.1991,6
"1106","314019.cnv",0.2067,7
"1107","314019.cnv",0.2517,8
"1108","314019.cnv",0.1986,9
"1109","314019.cnv",0.1908,10
"1110","314019.cnv",0.2749,11
"1111","314019.cnv",0.281,12
"1112","314019.cnv",0.2847,13
"1113","314019.cnv",0.3671,14
"1114","314019.cnv",0.4284,15
"1115","314019.cnv",0.5185,16
"1116","314019.cnv",0.5461,17
"1117","314019.cnv",0.6887,18
"1118","314019.cnv",0.8835,19
"1119","314019.cnv",1.1106,20
"1120","314019.cnv",1.2238,21
"1121","314019.cnv",1.3349,22
"1122","314019.cnv",1.527,23
"1123","314019.cnv",1.6743,24
"1124","314019.cnv",1.7222,25
"1125","314019.cnv",1.7146,26
"1126","314019.cnv",1.7217,27
"1127","314019.cnv",1.7208,28
"1128","314019.cnv",1.5268,29
"1129","314019.cnv",1.4659,30
"1130","314019.cnv",1.3193,31
"1131","314019.cnv",1.2334,32
"1132","314019.cnv",1.1857,33
"1133","314019.cnv",1.0503,34
"1134","314019.cnv",0.9371,35
"1135","314019.cnv",0.77,36
"1136","314019.cnv",0.6738,37
"1137","314019.cnv",0.6115,38
"1138","314019.cnv",0.5264,39
"1139","314019.cnv",0.5118,40
"1140","314019.cnv",0.4276,41
"1141","314019.cnv",0.3729,42
"1142","314019.cnv",0.346,43
"1143","314019.cnv",0.3307,44
"1144","314019.cnv",0.2737,45
"1145","314019.cnv",0.2866,46
"1146","314019.cnv",0.243,47
"1147","314019.cnv",0.2105,48
"1148","314019.cnv",0.1691,49
"1149","314019.cnv",0.1561,50
"1150","314019.cnv",0.1297,51
"1151","314019.cnv",0.1208,52
"1152","314019.cnv",0.1253,53
"1153","314019.cnv",0.1334,54
"1154","314019.cnv",0.1209,55
"1155","314019.cnv",0.0966,56
"1156","314019.cnv",0.0808,57
"1157","314019.cnv",0.0825,58
"1158","314019.cnv",0.0931,59
"1159","314019.cnv",0.0948,60
"1160","314019.cnv",0.0819,61
"1161","314019.cnv",0.0708,62
"1162","314019.cnv",0.062,63
"1163","314019.cnv",0.0713,64
"1164","314019.cnv",0.0535,65
"1165","314019.cnv",0.0406,66
"1166","314019.cnv",0.0421,67
"1167","314019.cnv",0.0459,68
"1168","314019.cnv",0.048,69
"1169","314019.cnv",0.0459,70
"1170","314019.cnv",0.0233,71
"1171","314019.cnv",0.0223,72
"1172","314019.cnv",0.0209,73
"1173","314019.cnv",0.0189,74
"1174","314019.cnv",0.0306,75
"1175","314019.cnv",0.0059,76
"1176","314019.cnv",0.0024,77
"1177","314019.cnv",0.0038,78
"1178","314019.cnv",0.0054,79
"1179","314019.cnv",-0.0012,80
"1180","314019.cnv",-0.0214,81
"1181","314019.cnv",-0.0275,82
"1182","314019.cnv",-0.037,83
"1183","314019.cnv",-0.0194,84
"1184","314019.cnv",-0.0186,85
"1185","314019.cnv",-0.0343,86
"1186","314019.cnv",-0.0396,87
"1187","314019.cnv",-0.04,88
"1188","314019.cnv",-0.0215,89
"1189","314019.cnv",-0.0491,90
"1190","314019.cnv",-0.0264,91
"1191","314019.cnv",-0.0397,92
"1192","314019.cnv",-0.0349,93
"1193","314019.cnv",-0.0589,94
"1194","314019.cnv",-0.0537,95
"1195","314019.cnv",-0.0523,96
"1196","314019.cnv",-0.0728,97
"1197","314019.cnv",-0.042,98
"1198","314019.cnv",-0.0303,99
"1199","314019.cnv",-0.0409,100
"1200","314019.cnv",-0.0391,101
"1201","314020.cnv",0.2097,2
"1202","314020.cnv",0.2291,3
"1203","314020.cnv",0.4001,4
"1204","314020.cnv",0.3773,5
"1205","314020.cnv",0.2951,6
"1206","314020.cnv",0.2788,7
"1207","314020.cnv",0.2952,8
"1208","314020.cnv",0.261,9
"1209","314020.cnv",0.3054,10
"1210","314020.cnv",0.371,11
"1211","314020.cnv",0.3446,12
"1212","314020.cnv",0.4365,13
"1213","314020.cnv",0.4571,14
"1214","314020.cnv",0.3926,15
"1215","314020.cnv",0.4286,16
"1216","314020.cnv",0.4584,17
"1217","314020.cnv",0.5465,18
"1218","314020.cnv",0.608,19
"1219","314020.cnv",0.7953,20
"1220","314020.cnv",1.2505,21
"1221","314020.cnv",1.8133,22
"1222","314020.cnv",1.9246,23
"1223","314020.cnv",1.784,24
"1224","314020.cnv",1.5854,25
"1225","314020.cnv",1.5611,26
"1226","314020.cnv",1.7526,27
"1227","314020.cnv",1.9131,28
"1228","314020.cnv",1.8488,29
"1229","314020.cnv",1.6334,30
"1230","314020.cnv",1.5306,31
"1231","314020.cnv",1.5054,32
"1232","314020.cnv",1.4211,33
"1233","314020.cnv",1.2823,34
"1234","314020.cnv",1.0607,35
"1235","314020.cnv",0.9657,36
"1236","314020.cnv",0.8032,37
"1237","314020.cnv",0.6255,38
"1238","314020.cnv",0.58,39
"1239","314020.cnv",0.559,40
"1240","314020.cnv",0.5425,41
"1241","314020.cnv",0.5286,42
"1242","314020.cnv",0.5029,43
"1243","314020.cnv",0.4587,44
"1244","314020.cnv",0.3978,45
"1245","314020.cnv",0.3628,46
"1246","314020.cnv",0.3348,47
"1247","314020.cnv",0.2598,48
"1248","314020.cnv",0.2095,49
"1249","314020.cnv",0.1728,50
"1250","314020.cnv",0.1408,51
"1251","314020.cnv",0.0985,52
"1252","314020.cnv",0.0905,53
"1253","314020.cnv",0.0807,54
"1254","314020.cnv",0.0822,55
"1255","314020.cnv",0.0752,56
"1256","314020.cnv",0.0468,57
"1257","314020.cnv",0.0526,58
"1258","314020.cnv",0.0388,59
"1259","314020.cnv",0.042,60
"1260","314020.cnv",0.0401,61
"1261","314020.cnv",0.0341,62
"1262","314020.cnv",0.0151,63
"1263","314020.cnv",0.0102,64
"1264","314020.cnv",0.0196,65
"1265","314020.cnv",0.0147,66
"1266","314020.cnv",0.0063,67
"1267","314020.cnv",0.0114,68
"1268","314020.cnv",-0.0014,69
"1269","314020.cnv",-0.0134,70
"1270","314020.cnv",-0.0152,71
"1271","314020.cnv",-0.0156,72
"1272","314020.cnv",-0.0218,73
"1273","314020.cnv",-0.0182,74
"1274","314020.cnv",-0.0323,75
"1275","314020.cnv",-0.0038,76
"1276","314020.cnv",-0.0282,77
"1277","314020.cnv",-0.0303,78
"1278","314020.cnv",-0.0449,79
"1279","314020.cnv",-0.0343,80
"1280","314020.cnv",-0.037,81
"1281","314020.cnv",-0.0272,82
"1282","314020.cnv",-0.0274,83
"1283","314020.cnv",-0.0333,84
"1284","314020.cnv",-0.0466,85
"1285","314020.cnv",-0.0443,86
"1286","314020.cnv",-0.0477,87
"1287","314020.cnv",-0.0336,88
"1288","314020.cnv",-0.0484,89
"1289","314020.cnv",-0.065,90
"1290","314020.cnv",-0.0751,91
"1291","314020.cnv",-0.0507,92
"1292","314020.cnv",-0.0513,93
"1293","314020.cnv",-0.043,94
"1294","314020.cnv",-0.0593,95
"1295","314020.cnv",-0.0396,96
"1296","314020.cnv",-0.0456,97
"1297","314020.cnv",-0.0579,98
"1298","314020.cnv",-0.0399,99
"1299","314020.cnv",-0.0524,100
"1300","314020.cnv",-0.0491,101
"1301","314021.cnv",0.1661,2
"1302","314021.cnv",0.154,3
"1303","314021.cnv",0.1192,4
"1304","314021.cnv",0.1747,5
"1305","314021.cnv",0.1787,6
"1306","314021.cnv",0.159,7
"1307","314021.cnv",0.2193,8
"1308","314021.cnv",0.1905,9
"1309","314021.cnv",0.1401,10
"1310","314021.cnv",0.1727,11
"1311","314021.cnv",0.1505,12
"1312","314021.cnv",0.223,13
"1313","314021.cnv",0.1988,14
"1314","314021.cnv",0.2425,15
"1315","314021.cnv",0.2023,16
"1316","314021.cnv",0.2427,17
"1317","314021.cnv",0.3266,18
"1318","314021.cnv",0.3602,19
"1319","314021.cnv",0.3075,20
"1320","314021.cnv",0.3923,21
"1321","314021.cnv",0.4616,22
"1322","314021.cnv",0.4018,23
"1323","314021.cnv",0.4251,24
"1324","314021.cnv",0.5063,25
"1325","314021.cnv",0.5955,26
"1326","314021.cnv",0.6869,27
"1327","314021.cnv",1.0343,28
"1328","314021.cnv",1.3183,29
"1329","314021.cnv",1.3985,30
"1330","314021.cnv",1.3648,31
"1331","314021.cnv",1.342,32
"1332","314021.cnv",1.1977,33
"1333","314021.cnv",1.1212,34
"1334","314021.cnv",1.13,35
"1335","314021.cnv",1.1055,36
"1336","314021.cnv",1.0586,37
"1337","314021.cnv",1.0084,38
"1338","314021.cnv",1.0517,39
"1339","314021.cnv",0.8068,40
"1340","314021.cnv",0.6902,41
"1341","314021.cnv",0.5968,42
"1342","314021.cnv",0.5249,43
"1343","314021.cnv",0.481,44
"1344","314021.cnv",0.461,45
"1345","314021.cnv",0.4669,46
"1346","314021.cnv",0.4237,47
"1347","314021.cnv",0.3068,48
"1348","314021.cnv",0.2537,49
"1349","314021.cnv",0.201,50
"1350","314021.cnv",0.2129,51
"1351","314021.cnv",0.1732,52
"1352","314021.cnv",0.1434,53
"1353","314021.cnv",0.133,54
"1354","314021.cnv",0.1412,55
"1355","314021.cnv",0.111,56
"1356","314021.cnv",0.0855,57
"1357","314021.cnv",0.0981,58
"1358","314021.cnv",0.0845,59
"1359","314021.cnv",0.072,60
"1360","314021.cnv",0.0623,61
"1361","314021.cnv",0.0581,62
"1362","314021.cnv",0.0581,63
"1363","314021.cnv",0.0467,64
"1364","314021.cnv",0.0296,65
"1365","314021.cnv",0.0295,66
"1366","314021.cnv",-7e-04,67
"1367","314021.cnv",-0.001,68
"1368","314021.cnv",-0.004,69
"1369","314021.cnv",-0.0064,70
"1370","314021.cnv",-0.0323,71
"1371","314021.cnv",-0.0304,72
"1372","314021.cnv",-0.0284,73
"1373","314021.cnv",-0.028,74
"1374","314021.cnv",-0.033,75
"1375","314021.cnv",-0.0452,76
"1376","314021.cnv",-0.0411,77
"1377","314021.cnv",-0.04,78
"1378","314021.cnv",-0.0275,79
"1379","314021.cnv",-0.04,80
"1380","314021.cnv",-0.0288,81
"1381","314021.cnv",-0.0494,82
"1382","314021.cnv",-0.0436,83
"1383","314021.cnv",-0.045,84
"1384","314021.cnv",-0.0289,85
"1385","314021.cnv",-0.0262,86
"1386","314021.cnv",-0.0148,87
"1387","314021.cnv",0.0026,88
"1388","314021.cnv",0.0026,89
"1389","314021.cnv",-0.0068,90
"1390","314021.cnv",-0.0246,91
"1391","314021.cnv",-0.0129,92
"1392","314021.cnv",-3e-04,93
"1393","314021.cnv",-0.0076,94
"1394","314021.cnv",-0.0187,95
"1395","314021.cnv",-0.0511,96
"1396","314021.cnv",-0.0403,97
"1397","314021.cnv",-0.0276,98
"1398","314021.cnv",-0.031,99
"1399","314021.cnv",-0.0501,100
"1400","314021.cnv",-0.0578,101
"1401","314022.cnv",0.4041,2
"1402","314022.cnv",0.3512,3
"1403","314022.cnv",0.4698,4
"1404","314022.cnv",0.6029,5
"1405","314022.cnv",0.6185,6
"1406","314022.cnv",0.5207,7
"1407","314022.cnv",0.5108,8
"1408","314022.cnv",0.5482,9
"1409","314022.cnv",0.622,10
"1410","314022.cnv",0.6633,11
"1411","314022.cnv",0.6582,12
"1412","314022.cnv",0.6567,13
"1413","314022.cnv",0.685,14
"1414","314022.cnv",0.8305,15
"1415","314022.cnv",0.9273,16
"1416","314022.cnv",1.0491,17
"1417","314022.cnv",1.0221,18
"1418","314022.cnv",1.2814,19
"1419","314022.cnv",1.4836,20
"1420","314022.cnv",1.7667,21
"1421","314022.cnv",2.2192,22
"1422","314022.cnv",2.2371,23
"1423","314022.cnv",2.2329,24
"1424","314022.cnv",2.2122,25
"1425","314022.cnv",2.1432,26
"1426","314022.cnv",1.9815,27
"1427","314022.cnv",1.896,28
"1428","314022.cnv",1.679,29
"1429","314022.cnv",1.4456,30
"1430","314022.cnv",1.3368,31
"1431","314022.cnv",1.2728,32
"1432","314022.cnv",1.2787,33
"1433","314022.cnv",1.3203,34
"1434","314022.cnv",1.2458,35
"1435","314022.cnv",1.1252,36
"1436","314022.cnv",1.0196,37
"1437","314022.cnv",0.9607,38
"1438","314022.cnv",0.9331,39
"1439","314022.cnv",0.9198,40
"1440","314022.cnv",0.9015,41
"1441","314022.cnv",0.8087,42
"1442","314022.cnv",0.7071,43
"1443","314022.cnv",0.6898,44
"1444","314022.cnv",0.6926,45
"1445","314022.cnv",0.608,46
"1446","314022.cnv",0.5174,47
"1447","314022.cnv",0.4935,48
"1448","314022.cnv",0.4629,49
"1449","314022.cnv",0.3614,50
"1450","314022.cnv",0.2872,51
"1451","314022.cnv",0.2755,52
"1452","314022.cnv",0.2574,53
"1453","314022.cnv",0.2442,54
"1454","314022.cnv",0.2265,55
"1455","314022.cnv",0.1584,56
"1456","314022.cnv",0.1214,57
"1457","314022.cnv",0.1226,58
"1458","314022.cnv",0.1151,59
"1459","314022.cnv",0.1,60
"1460","314022.cnv",0.1188,61
"1461","314022.cnv",0.0898,62
"1462","314022.cnv",0.0873,63
"1463","314022.cnv",0.0745,64
"1464","314022.cnv",0.0675,65
"1465","314022.cnv",0.0556,66
"1466","314022.cnv",0.0583,67
"1467","314022.cnv",0.0426,68
"1468","314022.cnv",0.032,69
"1469","314022.cnv",0.0351,70
"1470","314022.cnv",0.0224,71
"1471","314022.cnv",0.0231,72
"1472","314022.cnv",0.0203,73
"1473","314022.cnv",0.0385,74
"1474","314022.cnv",0.0336,75
"1475","314022.cnv",0.0631,76
"1476","314022.cnv",0.0802,77
"1477","314022.cnv",0.0825,78
"1478","314022.cnv",0.1028,79
"1479","314022.cnv",0.0612,80
"1480","314022.cnv",0.0484,81
"1481","314022.cnv",0.0525,82
"1482","314022.cnv",0.1083,83
"1483","314022.cnv",0.0558,84
"1484","314022.cnv",0.0428,85
"1485","314022.cnv",0.0311,86
"1486","314022.cnv",0.0172,87
"1487","314022.cnv",0.0089,88
"1488","314022.cnv",0.0018,89
"1489","314022.cnv",-0.0149,90
"1490","314022.cnv",-0.0441,91
"1491","314022.cnv",-0.0395,92
"1492","314022.cnv",-0.0519,93
"1493","314022.cnv",-0.0353,94
"1494","314022.cnv",-0.06,95
"1495","314022.cnv",-0.0531,96
"1496","314022.cnv",-0.03,97
"1497","314022.cnv",-0.0703,98
"1498","314022.cnv",-0.0598,99
"1499","314022.cnv",-0.0436,100
"1500","314022.cnv",-0.0545,101
"1501","314023.cnv",0.3948,2
"1502","314023.cnv",0.4025,3
"1503","314023.cnv",0.3782,4
"1504","314023.cnv",0.4208,5
"1505","314023.cnv",0.3672,6
"1506","314023.cnv",0.4042,7
"1507","314023.cnv",0.4361,8
"1508","314023.cnv",0.4329,9
"1509","314023.cnv",0.4838,10
"1510","314023.cnv",0.5895,11
"1511","314023.cnv",0.8224,12
"1512","314023.cnv",0.7321,13
"1513","314023.cnv",0.6996,14
"1514","314023.cnv",0.7887,15
"1515","314023.cnv",0.7484,16
"1516","314023.cnv",0.8243,17
"1517","314023.cnv",0.8358,18
"1518","314023.cnv",1.1653,19
"1519","314023.cnv",1.4546,20
"1520","314023.cnv",1.7605,21
"1521","314023.cnv",1.857,22
"1522","314023.cnv",1.9389,23
"1523","314023.cnv",2.0517,24
"1524","314023.cnv",2.0532,25
"1525","314023.cnv",1.9,26
"1526","314023.cnv",1.6061,27
"1527","314023.cnv",1.4316,28
"1528","314023.cnv",1.3176,29
"1529","314023.cnv",1.2832,30
"1530","314023.cnv",1.1973,31
"1531","314023.cnv",1.076,32
"1532","314023.cnv",1.0607,33
"1533","314023.cnv",1.0593,34
"1534","314023.cnv",1.0201,35
"1535","314023.cnv",0.9928,36
"1536","314023.cnv",0.9761,37
"1537","314023.cnv",0.9337,38
"1538","314023.cnv",0.8341,39
"1539","314023.cnv",0.7669,40
"1540","314023.cnv",0.7009,41
"1541","314023.cnv",0.6054,42
"1542","314023.cnv",0.5301,43
"1543","314023.cnv",0.456,44
"1544","314023.cnv",0.3861,45
"1545","314023.cnv",0.295,46
"1546","314023.cnv",0.2203,47
"1547","314023.cnv",0.2223,48
"1548","314023.cnv",0.1323,49
"1549","314023.cnv",0.1385,50
"1550","314023.cnv",0.1209,51
"1551","314023.cnv",0.1121,52
"1552","314023.cnv",0.1095,53
"1553","314023.cnv",0.1052,54
"1554","314023.cnv",0.0831,55
"1555","314023.cnv",0.0498,56
"1556","314023.cnv",0.0632,57
"1557","314023.cnv",0.0676,58
"1558","314023.cnv",0.035,59
"1559","314023.cnv",0.0505,60
"1560","314023.cnv",0.0661,61
"1561","314023.cnv",0.032,62
"1562","314023.cnv",0.0023,63
"1563","314023.cnv",-0.0053,64
"1564","314023.cnv",0.0042,65
"1565","314023.cnv",0.0156,66
"1566","314023.cnv",0.0086,67
"1567","314023.cnv",0.0023,68
"1568","314023.cnv",-0.0139,69
"1569","314023.cnv",0.0114,70
"1570","314023.cnv",0.0103,71
"1571","314023.cnv",0.0026,72
"1572","314023.cnv",0.0172,73
"1573","314023.cnv",0.0235,74
"1574","314023.cnv",0.001,75
"1575","314023.cnv",0.0347,76
"1576","314023.cnv",0.0415,77
"1577","314023.cnv",0.046,78
"1578","314023.cnv",0.0459,79
"1579","314023.cnv",0.0584,80
"1580","314023.cnv",0.0349,81
"1581","314023.cnv",0.0449,82
"1582","314023.cnv",0.0056,83
"1583","314023.cnv",0.023,84
"1584","314023.cnv",0.0147,85
"1585","314023.cnv",0.0174,86
"1586","314023.cnv",0.0207,87
"1587","314023.cnv",0.0039,88
"1588","314023.cnv",-0.0032,89
"1589","314023.cnv",-0.0163,90
"1590","314023.cnv",-0.0147,91
"1591","314023.cnv",-0.0097,92
"1592","314023.cnv",-0.0182,93
"1593","314023.cnv",-0.0527,94
"1594","314023.cnv",-0.0489,95
"1595","314023.cnv",-0.0395,96
"1596","314023.cnv",-0.0464,97
"1597","314023.cnv",-0.0519,98
"1598","314023.cnv",-0.0446,99
"1599","314023.cnv",-0.0469,100
"1600","314023.cnv",-0.0517,101
"1601","314024.cnv",0.0982,2
"1602","314024.cnv",0.1548,3
"1603","314024.cnv",0.1492,4
"1604","314024.cnv",0.174,5
"1605","314024.cnv",0.2732,6
"1606","314024.cnv",0.2083,7
"1607","314024.cnv",0.1445,8
"1608","314024.cnv",0.0877,9
"1609","314024.cnv",0.1148,10
"1610","314024.cnv",0.219,11
"1611","314024.cnv",0.2143,12
"1612","314024.cnv",0.2042,13
"1613","314024.cnv",0.1706,14
"1614","314024.cnv",0.1759,15
"1615","314024.cnv",0.2159,16
"1616","314024.cnv",0.1948,17
"1617","314024.cnv",0.2018,18
"1618","314024.cnv",0.2298,19
"1619","314024.cnv",0.2443,20
"1620","314024.cnv",0.3104,21
"1621","314024.cnv",0.3725,22
"1622","314024.cnv",0.5016,23
"1623","314024.cnv",0.6477,24
"1624","314024.cnv",0.8204,25
"1625","314024.cnv",1.1429,26
"1626","314024.cnv",1.1534,27
"1627","314024.cnv",1.1859,28
"1628","314024.cnv",1.1693,29
"1629","314024.cnv",1.2278,30
"1630","314024.cnv",1.2056,31
"1631","314024.cnv",1.1604,32
"1632","314024.cnv",1.0727,33
"1633","314024.cnv",1.0051,34
"1634","314024.cnv",0.8111,35
"1635","314024.cnv",0.7342,36
"1636","314024.cnv",0.6374,37
"1637","314024.cnv",0.6258,38
"1638","314024.cnv",0.6041,39
"1639","314024.cnv",0.5205,40
"1640","314024.cnv",0.5025,41
"1641","314024.cnv",0.4362,42
"1642","314024.cnv",0.4324,43
"1643","314024.cnv",0.4103,44
"1644","314024.cnv",0.3937,45
"1645","314024.cnv",0.3813,46
"1646","314024.cnv",0.3573,47
"1647","314024.cnv",0.2889,48
"1648","314024.cnv",0.2451,49
"1649","314024.cnv",0.1895,50
"1650","314024.cnv",0.1451,51
"1651","314024.cnv",0.1368,52
"1652","314024.cnv",0.1203,53
"1653","314024.cnv",0.1105,54
"1654","314024.cnv",0.1271,55
"1655","314024.cnv",0.1883,56
"1656","314024.cnv",0.1687,57
"1657","314024.cnv",0.1749,58
"1658","314024.cnv",0.1444,59
"1659","314024.cnv",0.133,60
"1660","314024.cnv",0.1219,61
"1661","314024.cnv",0.1107,62
"1662","314024.cnv",0.0629,63
"1663","314024.cnv",0.0476,64
"1664","314024.cnv",0.0459,65
"1665","314024.cnv",0.0488,66
"1666","314024.cnv",0.0572,67
"1667","314024.cnv",0.0466,68
"1668","314024.cnv",0.0409,69
"1669","314024.cnv",0.0251,70
"1670","314024.cnv",0.0106,71
"1671","314024.cnv",0.0194,72
"1672","314024.cnv",0.0221,73
"1673","314024.cnv",0.0225,74
"1674","314024.cnv",0.0209,75
"1675","314024.cnv",0.0228,76
"1676","314024.cnv",0.0214,77
"1677","314024.cnv",0.033,78
"1678","314024.cnv",0.0208,79
"1679","314024.cnv",0.0223,80
"1680","314024.cnv",0.0153,81
"1681","314024.cnv",-0.0048,82
"1682","314024.cnv",-0.0034,83
"1683","314024.cnv",-0.005,84
"1684","314024.cnv",-0.0185,85
"1685","314024.cnv",-0.0392,86
"1686","314024.cnv",-0.0494,87
"1687","314024.cnv",-0.0398,88
"1688","314024.cnv",-0.0396,89
"1689","314024.cnv",-0.0312,90
"1690","314024.cnv",-0.0349,91
"1691","314024.cnv",-0.0396,92
"1692","314024.cnv",-0.0402,93
"1693","314024.cnv",-0.0454,94
"1694","314024.cnv",-0.0558,95
"1695","314024.cnv",-0.0523,96
"1696","314024.cnv",-0.0325,97
"1697","314024.cnv",-0.0465,98
"1698","314024.cnv",-0.0519,99
"1699","314024.cnv",-0.0606,100
"1700","314024.cnv",-0.0391,101
"1701","314025.cnv",0.1235,2
"1702","314025.cnv",0.1866,3
"1703","314025.cnv",0.155,4
"1704","314025.cnv",0.1507,5
"1705","314025.cnv",0.153,6
"1706","314025.cnv",0.1756,7
"1707","314025.cnv",0.1526,8
"1708","314025.cnv",0.1551,9
"1709","314025.cnv",0.1554,10
"1710","314025.cnv",0.1424,11
"1711","314025.cnv",0.146,12
"1712","314025.cnv",0.1529,13
"1713","314025.cnv",0.1795,14
"1714","314025.cnv",0.1716,15
"1715","314025.cnv",0.1808,16
"1716","314025.cnv",0.1913,17
"1717","314025.cnv",0.273,18
"1718","314025.cnv",0.3013,19
"1719","314025.cnv",0.4008,20
"1720","314025.cnv",0.5961,21
"1721","314025.cnv",0.727,22
"1722","314025.cnv",0.8273,23
"1723","314025.cnv",0.717,24
"1724","314025.cnv",0.5941,25
"1725","314025.cnv",0.6237,26
"1726","314025.cnv",0.7561,27
"1727","314025.cnv",1.0029,28
"1728","314025.cnv",1.0994,29
"1729","314025.cnv",1.1965,30
"1730","314025.cnv",1.1487,31
"1731","314025.cnv",1.0506,32
"1732","314025.cnv",1.0163,33
"1733","314025.cnv",0.9899,34
"1734","314025.cnv",0.9611,35
"1735","314025.cnv",0.9587,36
"1736","314025.cnv",0.9279,37
"1737","314025.cnv",0.8318,38
"1738","314025.cnv",0.7777,39
"1739","314025.cnv",0.7631,40
"1740","314025.cnv",0.7549,41
"1741","314025.cnv",0.7466,42
"1742","314025.cnv",0.7298,43
"1743","314025.cnv",0.7042,44
"1744","314025.cnv",0.6616,45
"1745","314025.cnv",0.6101,46
"1746","314025.cnv",0.5595,47
"1747","314025.cnv",0.4442,48
"1748","314025.cnv",0.384,49
"1749","314025.cnv",0.3639,50
"1750","314025.cnv",0.373,51
"1751","314025.cnv",0.3711,52
"1752","314025.cnv",0.3551,53
"1753","314025.cnv",0.2975,54
"1754","314025.cnv",0.2771,55
"1755","314025.cnv",0.2249,56
"1756","314025.cnv",0.192,57
"1757","314025.cnv",0.189,58
"1758","314025.cnv",0.1741,59
"1759","314025.cnv",0.1923,60
"1760","314025.cnv",0.2062,61
"1761","314025.cnv",0.2015,62
"1762","314025.cnv",0.1928,63
"1763","314025.cnv",0.1766,64
"1764","314025.cnv",0.1685,65
"1765","314025.cnv",0.1575,66
"1766","314025.cnv",0.1456,67
"1767","314025.cnv",0.1408,68
"1768","314025.cnv",0.131,69
"1769","314025.cnv",0.1118,70
"1770","314025.cnv",0.072,71
"1771","314025.cnv",0.0543,72
"1772","314025.cnv",0.0485,73
"1773","314025.cnv",0.0563,74
"1774","314025.cnv",0.0333,75
"1775","314025.cnv",0.0246,76
"1776","314025.cnv",0.0229,77
"1777","314025.cnv",0.024,78
"1778","314025.cnv",0.0338,79
"1779","314025.cnv",0.0318,80
"1780","314025.cnv",0.0151,81
"1781","314025.cnv",0.0205,82
"1782","314025.cnv",0.0222,83
"1783","314025.cnv",-0.0025,84
"1784","314025.cnv",0.0047,85
"1785","314025.cnv",0.005,86
"1786","314025.cnv",-0.0251,87
"1787","314025.cnv",-0.0274,88
"1788","314025.cnv",-0.0175,89
"1789","314025.cnv",-0.0224,90
"1790","314025.cnv",-0.0517,91
"1791","314025.cnv",-0.0518,92
"1792","314025.cnv",-0.0518,93
"1793","314025.cnv",-0.0518,94
"1794","314025.cnv",-0.0428,95
"1795","314025.cnv",-0.0485,96
"1796","314025.cnv",-0.044,97
"1797","314025.cnv",-0.0266,98
"1798","314025.cnv",-0.0395,99
"1799","314025.cnv",-0.0387,100
"1800","314025.cnv",-0.0272,101
"1801","314026.cnv",0.0572,2
"1802","314026.cnv",0.0493,3
"1803","314026.cnv",0.0666,4
"1804","314026.cnv",0.0944,5
"1805","314026.cnv",0.0657,6
"1806","314026.cnv",0.071,7
"1807","314026.cnv",0.0759,8
"1808","314026.cnv",0.0953,9
"1809","314026.cnv",0.1958,10
"1810","314026.cnv",0.2089,11
"1811","314026.cnv",0.2402,12
"1812","314026.cnv",0.2976,13
"1813","314026.cnv",0.3187,14
"1814","314026.cnv",0.3809,15
"1815","314026.cnv",0.3323,16
"1816","314026.cnv",0.424,17
"1817","314026.cnv",0.5722,18
"1818","314026.cnv",0.4957,19
"1819","314026.cnv",0.5951,20
"1820","314026.cnv",0.6894,21
"1821","314026.cnv",0.8421,22
"1822","314026.cnv",0.9474,23
"1823","314026.cnv",0.9376,24
"1824","314026.cnv",0.9963,25
"1825","314026.cnv",1.0569,26
"1826","314026.cnv",1.287,27
"1827","314026.cnv",1.2733,28
"1828","314026.cnv",1.3555,29
"1829","314026.cnv",1.5138,30
"1830","314026.cnv",1.5753,31
"1831","314026.cnv",1.6338,32
"1832","314026.cnv",1.7577,33
"1833","314026.cnv",1.8893,34
"1834","314026.cnv",1.9034,35
"1835","314026.cnv",1.829,36
"1836","314026.cnv",1.7542,37
"1837","314026.cnv",1.7033,38
"1838","314026.cnv",1.6504,39
"1839","314026.cnv",1.5987,40
"1840","314026.cnv",1.516,41
"1841","314026.cnv",1.4389,42
"1842","314026.cnv",1.3523,43
"1843","314026.cnv",1.3294,44
"1844","314026.cnv",1.1945,45
"1845","314026.cnv",1.0631,46
"1846","314026.cnv",1.001,47
"1847","314026.cnv",0.866,48
"1848","314026.cnv",0.7337,49
"1849","314026.cnv",0.6446,50
"1850","314026.cnv",0.5899,51
"1851","314026.cnv",0.532,52
"1852","314026.cnv",0.5128,53
"1853","314026.cnv",0.4621,54
"1854","314026.cnv",0.427,55
"1855","314026.cnv",0.3654,56
"1856","314026.cnv",0.372,57
"1857","314026.cnv",0.3473,58
"1858","314026.cnv",0.3242,59
"1859","314026.cnv",0.3029,60
"1860","314026.cnv",0.2689,61
"1861","314026.cnv",0.2561,62
"1862","314026.cnv",0.2438,63
"1863","314026.cnv",0.1948,64
"1864","314026.cnv",0.1755,65
"1865","314026.cnv",0.152,66
"1866","314026.cnv",0.1437,67
"1867","314026.cnv",0.121,68
"1868","314026.cnv",0.1213,69
"1869","314026.cnv",0.0997,70
"1870","314026.cnv",0.0968,71
"1871","314026.cnv",0.0926,72
"1872","314026.cnv",0.0721,73
"1873","314026.cnv",0.0457,74
"1874","314026.cnv",0.0582,75
"1875","314026.cnv",0.0705,76
"1876","314026.cnv",0.0703,77
"1877","314026.cnv",0.0755,78
"1878","314026.cnv",0.0761,79
"1879","314026.cnv",0.0705,80
"1880","314026.cnv",0.0703,81
"1881","314026.cnv",0.0576,82
"1882","314026.cnv",0.0338,83
"1883","314026.cnv",0.0056,84
"1884","314026.cnv",0.0184,85
"1885","314026.cnv",0.0052,86
"1886","314026.cnv",0.0016,87
"1887","314026.cnv",-0.0064,88
"1888","314026.cnv",-0.0182,89
"1889","314026.cnv",-0.0167,90
"1890","314026.cnv",-0.0055,91
"1891","314026.cnv",-0.0209,92
"1892","314026.cnv",-0.025,93
"1893","314026.cnv",-0.0351,94
"1894","314026.cnv",-0.0188,95
"1895","314026.cnv",-0.0462,96
"1896","314026.cnv",-0.0132,97
"1897","314026.cnv",-0.019,98
"1898","314026.cnv",-0.0157,99
"1899","314026.cnv",-0.0253,100
"1900","314026.cnv",-0.0265,101
"1901","314027.cnv",0.0455,2
"1902","314027.cnv",0.0548,3
"1903","314027.cnv",0.0586,4
"1904","314027.cnv",0.0508,5
"1905","314027.cnv",0.0655,6
"1906","314027.cnv",0.0776,7
"1907","314027.cnv",0.0875,8
"1908","314027.cnv",0.0946,9
"1909","314027.cnv",0.0947,10
"1910","314027.cnv",0.0966,11
"1911","314027.cnv",0.1164,12
"1912","314027.cnv",0.1691,13
"1913","314027.cnv",0.1594,14
"1914","314027.cnv",0.2014,15
"1915","314027.cnv",0.2497,16
"1916","314027.cnv",0.3552,17
"1917","314027.cnv",0.4738,18
"1918","314027.cnv",0.5965,19
"1919","314027.cnv",0.6826,20
"1920","314027.cnv",0.7233,21
"1921","314027.cnv",0.746,22
"1922","314027.cnv",0.7695,23
"1923","314027.cnv",0.8494,24
"1924","314027.cnv",0.8913,25
"1925","314027.cnv",0.9205,26
"1926","314027.cnv",0.9948,27
"1927","314027.cnv",1.1932,28
"1928","314027.cnv",1.5082,29
"1929","314027.cnv",1.5632,30
"1930","314027.cnv",1.6036,31
"1931","314027.cnv",1.6352,32
"1932","314027.cnv",1.6544,33
"1933","314027.cnv",1.5963,34
"1934","314027.cnv",1.4977,35
"1935","314027.cnv",1.4252,36
"1936","314027.cnv",1.4031,37
"1937","314027.cnv",1.3911,38
"1938","314027.cnv",1.2504,39
"1939","314027.cnv",1.1239,40
"1940","314027.cnv",1.067,41
"1941","314027.cnv",1.0194,42
"1942","314027.cnv",0.9491,43
"1943","314027.cnv",0.8648,44
"1944","314027.cnv",0.7881,45
"1945","314027.cnv",0.7584,46
"1946","314027.cnv",0.7326,47
"1947","314027.cnv",0.6829,48
"1948","314027.cnv",0.5705,49
"1949","314027.cnv",0.5084,50
"1950","314027.cnv",0.4481,51
"1951","314027.cnv",0.4187,52
"1952","314027.cnv",0.4234,53
"1953","314027.cnv",0.3813,54
"1954","314027.cnv",0.3402,55
"1955","314027.cnv",0.2993,56
"1956","314027.cnv",0.2632,57
"1957","314027.cnv",0.268,58
"1958","314027.cnv",0.2497,59
"1959","314027.cnv",0.2059,60
"1960","314027.cnv",0.1738,61
"1961","314027.cnv",0.161,62
"1962","314027.cnv",0.1516,63
"1963","314027.cnv",0.1196,64
"1964","314027.cnv",0.0961,65
"1965","314027.cnv",0.0863,66
"1966","314027.cnv",0.109,67
"1967","314027.cnv",0.0902,68
"1968","314027.cnv",0.0613,69
"1969","314027.cnv",0.046,70
"1970","314027.cnv",0.0379,71
"1971","314027.cnv",0.0042,72
"1972","314027.cnv",-0.0048,73
"1973","314027.cnv",0.0119,74
"1974","314027.cnv",-9e-04,75
"1975","314027.cnv",0.0187,76
"1976","314027.cnv",-7e-04,77
"1977","314027.cnv",-0.0096,78
"1978","314027.cnv",-0.0204,79
"1979","314027.cnv",-0.0216,80
"1980","314027.cnv",-0.0205,81
"1981","314027.cnv",-0.0502,82
"1982","314027.cnv",-0.0313,83
"1983","314027.cnv",-0.0377,84
"1984","314027.cnv",-0.0329,85
"1985","314027.cnv",-0.0522,86
"1986","314027.cnv",-0.0518,87
"1987","314027.cnv",-0.0622,88
"1988","314027.cnv",-0.0413,89
"1989","314027.cnv",-0.0517,90
"1990","314027.cnv",-0.0518,91
"1991","314027.cnv",-0.0419,92
"1992","314027.cnv",-0.022,93
"1993","314027.cnv",-0.051,94
"1994","314027.cnv",-0.046,95
"1995","314027.cnv",-0.0704,96
"1996","314027.cnv",-0.0313,97
"1997","314027.cnv",-0.0391,98
"1998","314027.cnv",-0.0574,99
"1999","314027.cnv",-0.0389,100
"2000","314027.cnv",-0.039,101
"2001","314028.cnv",0.1558,2
"2002","314028.cnv",0.1556,3
"2003","314028.cnv",0.1736,4
"2004","314028.cnv",0.1684,5
"2005","314028.cnv",0.1792,6
"2006","314028.cnv",0.1781,7
"2007","314028.cnv",0.22,8
"2008","314028.cnv",0.2039,9
"2009","314028.cnv",0.2477,10
"2010","314028.cnv",0.2482,11
"2011","314028.cnv",0.2982,12
"2012","314028.cnv",0.3019,13
"2013","314028.cnv",0.3449,14
"2014","314028.cnv",0.3797,15
"2015","314028.cnv",0.3552,16
"2016","314028.cnv",0.3738,17
"2017","314028.cnv",0.3876,18
"2018","314028.cnv",0.3839,19
"2019","314028.cnv",0.4187,20
"2020","314028.cnv",0.4182,21
"2021","314028.cnv",0.4265,22
"2022","314028.cnv",0.4644,23
"2023","314028.cnv",0.5032,24
"2024","314028.cnv",0.5097,25
"2025","314028.cnv",0.5204,26
"2026","314028.cnv",0.4998,27
"2027","314028.cnv",0.4683,28
"2028","314028.cnv",0.5201,29
"2029","314028.cnv",0.6417,30
"2030","314028.cnv",0.6207,31
"2031","314028.cnv",0.69,32
"2032","314028.cnv",0.7803,33
"2033","314028.cnv",0.9017,34
"2034","314028.cnv",1.0255,35
"2035","314028.cnv",1.1947,36
"2036","314028.cnv",1.4295,37
"2037","314028.cnv",1.5301,38
"2038","314028.cnv",1.5149,39
"2039","314028.cnv",1.5333,40
"2040","314028.cnv",1.5292,41
"2041","314028.cnv",1.4886,42
"2042","314028.cnv",1.463,43
"2043","314028.cnv",1.4408,44
"2044","314028.cnv",1.4587,45
"2045","314028.cnv",1.4257,46
"2046","314028.cnv",1.3136,47
"2047","314028.cnv",1.2544,48
"2048","314028.cnv",1.2542,49
"2049","314028.cnv",1.2001,50
"2050","314028.cnv",1.0406,51
"2051","314028.cnv",0.8775,52
"2052","314028.cnv",0.7769,53
"2053","314028.cnv",0.7143,54
"2054","314028.cnv",0.6647,55
"2055","314028.cnv",0.5691,56
"2056","314028.cnv",0.5123,57
"2057","314028.cnv",0.4319,58
"2058","314028.cnv",0.3956,59
"2059","314028.cnv",0.3613,60
"2060","314028.cnv",0.3237,61
"2061","314028.cnv",0.2962,62
"2062","314028.cnv",0.2951,63
"2063","314028.cnv",0.2869,64
"2064","314028.cnv",0.2507,65
"2065","314028.cnv",0.2396,66
"2066","314028.cnv",0.2258,67
"2067","314028.cnv",0.1967,68
"2068","314028.cnv",0.1723,69
"2069","314028.cnv",0.1746,70
"2070","314028.cnv",0.1437,71
"2071","314028.cnv",0.1239,72
"2072","314028.cnv",0.1124,73
"2073","314028.cnv",0.1389,74
"2074","314028.cnv",0.1,75
"2075","314028.cnv",0.0933,76
"2076","314028.cnv",0.0635,77
"2077","314028.cnv",0.0543,78
"2078","314028.cnv",0.0926,79
"2079","314028.cnv",0.0702,80
"2080","314028.cnv",0.0494,81
"2081","314028.cnv",0.0379,82
"2082","314028.cnv",0.0218,83
"2083","314028.cnv",0.0315,84
"2084","314028.cnv",0.0481,85
"2085","314028.cnv",0.0623,86
"2086","314028.cnv",0.0856,87
"2087","314028.cnv",0.066,88
"2088","314028.cnv",0.0474,89
"2089","314028.cnv",0.0388,90
"2090","314028.cnv",0.023,91
"2091","314028.cnv",0.0075,92
"2092","314028.cnv",0.0128,93
"2093","314028.cnv",-0.0042,94
"2094","314028.cnv",-0.0145,95
"2095","314028.cnv",0.0063,96
"2096","314028.cnv",0.0058,97
"2097","314028.cnv",0.0075,98
"2098","314028.cnv",-0.0018,99
"2099","314028.cnv",-0.0076,100
"2100","314028.cnv",9e-04,101
"2101","314029.cnv",0.2425,2
"2102","314029.cnv",0.2422,3
"2103","314029.cnv",0.2484,4
"2104","314029.cnv",0.2164,5
"2105","314029.cnv",0.2376,6
"2106","314029.cnv",0.2667,7
"2107","314029.cnv",0.2694,8
"2108","314029.cnv",0.2974,9
"2109","314029.cnv",0.2707,10
"2110","314029.cnv",0.3265,11
"2111","314029.cnv",0.3484,12
"2112","314029.cnv",0.3712,13
"2113","314029.cnv",0.4562,14
"2114","314029.cnv",0.4378,15
"2115","314029.cnv",0.4489,16
"2116","314029.cnv",0.4749,17
"2117","314029.cnv",0.5534,18
"2118","314029.cnv",0.5245,19
"2119","314029.cnv",0.5393,20
"2120","314029.cnv",0.5752,21
"2121","314029.cnv",0.6172,22
"2122","314029.cnv",0.7054,23
"2123","314029.cnv",0.7165,24
"2124","314029.cnv",0.7284,25
"2125","314029.cnv",0.7458,26
"2126","314029.cnv",0.8507,27
"2127","314029.cnv",0.9315,28
"2128","314029.cnv",1.6523,29
"2129","314029.cnv",1.7733,30
"2130","314029.cnv",1.6986,31
"2131","314029.cnv",1.6679,32
"2132","314029.cnv",1.6536,33
"2133","314029.cnv",1.6365,34
"2134","314029.cnv",1.5915,35
"2135","314029.cnv",1.5388,36
"2136","314029.cnv",1.5085,37
"2137","314029.cnv",1.3492,38
"2138","314029.cnv",1.2014,39
"2139","314029.cnv",1.0105,40
"2140","314029.cnv",0.937,41
"2141","314029.cnv",0.8943,42
"2142","314029.cnv",0.8479,43
"2143","314029.cnv",0.8,44
"2144","314029.cnv",0.7694,45
"2145","314029.cnv",0.7566,46
"2146","314029.cnv",0.7311,47
"2147","314029.cnv",0.6998,48
"2148","314029.cnv",0.6713,49
"2149","314029.cnv",0.5844,50
"2150","314029.cnv",0.4421,51
"2151","314029.cnv",0.3517,52
"2152","314029.cnv",0.3025,53
"2153","314029.cnv",0.2744,54
"2154","314029.cnv",0.2653,55
"2155","314029.cnv",0.2225,56
"2156","314029.cnv",0.288,57
"2157","314029.cnv",0.2516,58
"2158","314029.cnv",0.2432,59
"2159","314029.cnv",0.2286,60
"2160","314029.cnv",0.2178,61
"2161","314029.cnv",0.2382,62
"2162","314029.cnv",0.2064,63
"2163","314029.cnv",0.1927,64
"2164","314029.cnv",0.2033,65
"2165","314029.cnv",0.2074,66
"2166","314029.cnv",0.1919,67
"2167","314029.cnv",0.2154,68
"2168","314029.cnv",0.1777,69
"2169","314029.cnv",0.1669,70
"2170","314029.cnv",0.1549,71
"2171","314029.cnv",0.1531,72
"2172","314029.cnv",0.1482,73
"2173","314029.cnv",0.1321,74
"2174","314029.cnv",0.14,75
"2175","314029.cnv",0.1355,76
"2176","314029.cnv",0.1138,77
"2177","314029.cnv",0.0896,78
"2178","314029.cnv",0.0963,79
"2179","314029.cnv",0.1086,80
"2180","314029.cnv",0.0856,81
"2181","314029.cnv",0.0626,82
"2182","314029.cnv",0.0648,83
"2183","314029.cnv",0.0496,84
"2184","314029.cnv",0.0236,85
"2185","314029.cnv",0.0207,86
"2186","314029.cnv",0.0119,87
"2187","314029.cnv",0.0043,88
"2188","314029.cnv",0.0143,89
"2189","314029.cnv",0.0216,90
"2190","314029.cnv",0.0096,91
"2191","314029.cnv",-0.0037,92
"2192","314029.cnv",0.0031,93
"2193","314029.cnv",0.0033,94
"2194","314029.cnv",-0.0048,95
"2195","314029.cnv",-0.0123,96
"2196","314029.cnv",-0.0109,97
"2197","314029.cnv",0.009,98
"2198","314029.cnv",0.0201,99
"2199","314029.cnv",-0.0161,100
"2200","314029.cnv",-0.0055,101
"2201","314030.cnv",0.8601,2
"2202","314030.cnv",0.9029,3
"2203","314030.cnv",1.141,4
"2204","314030.cnv",0.7745,5
"2205","314030.cnv",0.8115,6
"2206","314030.cnv",0.8742,7
"2207","314030.cnv",0.7863,8
"2208","314030.cnv",0.6411,9
"2209","314030.cnv",0.6447,10
"2210","314030.cnv",0.6011,11
"2211","314030.cnv",0.4349,12
"2212","314030.cnv",0.4024,13
"2213","314030.cnv",0.3277,14
"2214","314030.cnv",0.3102,15
"2215","314030.cnv",0.409,16
"2216","314030.cnv",0.3565,17
"2217","314030.cnv",0.4988,18
"2218","314030.cnv",0.5961,19
"2219","314030.cnv",0.5914,20
"2220","314030.cnv",0.5943,21
"2221","314030.cnv",0.6162,22
"2222","314030.cnv",0.6482,23
"2223","314030.cnv",0.6948,24
"2224","314030.cnv",0.6572,25
"2225","314030.cnv",0.6981,26
"2226","314030.cnv",0.7533,27
"2227","314030.cnv",0.8472,28
"2228","314030.cnv",0.985,29
"2229","314030.cnv",1.0126,30
"2230","314030.cnv",0.9904,31
"2231","314030.cnv",0.9669,32
"2232","314030.cnv",0.9136,33
"2233","314030.cnv",0.8418,34
"2234","314030.cnv",0.8359,35
"2235","314030.cnv",0.8047,36
"2236","314030.cnv",0.7679,37
"2237","314030.cnv",0.6826,38
"2238","314030.cnv",0.5743,39
"2239","314030.cnv",0.5039,40
"2240","314030.cnv",0.4952,41
"2241","314030.cnv",0.4841,42
"2242","314030.cnv",0.4819,43
"2243","314030.cnv",0.4622,44
"2244","314030.cnv",0.4228,45
"2245","314030.cnv",0.3875,46
"2246","314030.cnv",0.3493,47
"2247","314030.cnv",0.3103,48
"2248","314030.cnv",0.2596,49
"2249","314030.cnv",0.2316,50
"2250","314030.cnv",0.2282,51
"2251","314030.cnv",0.2154,52
"2252","314030.cnv",0.2065,53
"2253","314030.cnv",0.1997,54
"2254","314030.cnv",0.1739,55
"2255","314030.cnv",0.1459,56
"2256","314030.cnv",0.1354,57
"2257","314030.cnv",0.1288,58
"2258","314030.cnv",0.1175,59
"2259","314030.cnv",0.1055,60
"2260","314030.cnv",0.0593,61
"2261","314030.cnv",0.0467,62
"2262","314030.cnv",0.0626,63
"2263","314030.cnv",0.0383,64
"2264","314030.cnv",0.0395,65
"2265","314030.cnv",0.0188,66
"2266","314030.cnv",0.0204,67
"2267","314030.cnv",0.017,68
"2268","314030.cnv",0.0054,69
"2269","314030.cnv",0.0187,70
"2270","314030.cnv",0.0041,71
"2271","314030.cnv",-0.0041,72
"2272","314030.cnv",-0.005,73
"2273","314030.cnv",-0.0171,74
"2274","314030.cnv",-0.0382,75
"2275","314030.cnv",-0.02,76
"2276","314030.cnv",-0.0352,77
"2277","314030.cnv",-0.0213,78
"2278","314030.cnv",-0.0261,79
"2279","314030.cnv",-0.0508,80
"2280","314030.cnv",-0.0313,81
"2281","314030.cnv",-0.0274,82
"2282","314030.cnv",-0.0439,83
"2283","314030.cnv",-0.0596,84
"2284","314030.cnv",-0.0461,85
"2285","314030.cnv",-0.0468,86
"2286","314030.cnv",-0.0533,87
"2287","314030.cnv",-0.057,88
"2288","314030.cnv",-0.0574,89
"2289","314030.cnv",-0.0461,90
"2290","314030.cnv",-0.0457,91
"2291","314030.cnv",-0.0624,92
"2292","314030.cnv",-0.0493,93
"2293","314030.cnv",-0.0581,94
"2294","314030.cnv",-0.0519,95
"2295","314030.cnv",-0.0518,96
"2296","314030.cnv",-0.0518,97
"2297","314030.cnv",-0.0502,98
"2298","314030.cnv",-0.0396,99
"2299","314030.cnv",-0.0448,100
"2300","314030.cnv",-0.0598,101
"2301","314031.cnv",0.5543,2
"2302","314031.cnv",0.431,3
"2303","314031.cnv",0.4767,4
"2304","314031.cnv",0.521,5
"2305","314031.cnv",0.4808,6
"2306","314031.cnv",0.4549,7
"2307","314031.cnv",0.4795,8
"2308","314031.cnv",0.4238,9
"2309","314031.cnv",0.3978,10
"2310","314031.cnv",0.375,11
"2311","314031.cnv",0.3539,12
"2312","314031.cnv",0.4019,13
"2313","314031.cnv",0.3152,14
"2314","314031.cnv",0.3259,15
"2315","314031.cnv",0.4055,16
"2316","314031.cnv",0.4075,17
"2317","314031.cnv",0.3404,18
"2318","314031.cnv",0.362,19
"2319","314031.cnv",0.4115,20
"2320","314031.cnv",0.4819,21
"2321","314031.cnv",0.6005,22
"2322","314031.cnv",0.6036,23
"2323","314031.cnv",0.6012,24
"2324","314031.cnv",0.6062,25
"2325","314031.cnv",0.5791,26
"2326","314031.cnv",0.5875,27
"2327","314031.cnv",0.6159,28
"2328","314031.cnv",0.6927,29
"2329","314031.cnv",0.844,30
"2330","314031.cnv",1.0037,31
"2331","314031.cnv",1.0627,32
"2332","314031.cnv",1.0646,33
"2333","314031.cnv",1.0257,34
"2334","314031.cnv",1.0083,35
"2335","314031.cnv",1.0118,36
"2336","314031.cnv",0.9916,37
"2337","314031.cnv",0.9702,38
"2338","314031.cnv",0.8377,39
"2339","314031.cnv",0.7995,40
"2340","314031.cnv",0.7884,41
"2341","314031.cnv",0.7692,42
"2342","314031.cnv",0.7156,43
"2343","314031.cnv",0.7293,44
"2344","314031.cnv",0.66,45
"2345","314031.cnv",0.5716,46
"2346","314031.cnv",0.5622,47
"2347","314031.cnv",0.5111,48
"2348","314031.cnv",0.4496,49
"2349","314031.cnv",0.391,50
"2350","314031.cnv",0.3748,51
"2351","314031.cnv",0.3863,52
"2352","314031.cnv",0.3708,53
"2353","314031.cnv",0.3346,54
"2354","314031.cnv",0.3259,55
"2355","314031.cnv",0.3155,56
"2356","314031.cnv",0.314,57
"2357","314031.cnv",0.3035,58
"2358","314031.cnv",0.2402,59
"2359","314031.cnv",0.2163,60
"2360","314031.cnv",0.2168,61
"2361","314031.cnv",0.2269,62
"2362","314031.cnv",0.2155,63
"2363","314031.cnv",0.2003,64
"2364","314031.cnv",0.1749,65
"2365","314031.cnv",0.1634,66
"2366","314031.cnv",0.168,67
"2367","314031.cnv",0.1752,68
"2368","314031.cnv",0.1627,69
"2369","314031.cnv",0.1656,70
"2370","314031.cnv",0.1429,71
"2371","314031.cnv",0.1478,72
"2372","314031.cnv",0.136,73
"2373","314031.cnv",0.0972,74
"2374","314031.cnv",0.0991,75
"2375","314031.cnv",0.0989,76
"2376","314031.cnv",0.0709,77
"2377","314031.cnv",0.0268,78
"2378","314031.cnv",0.0053,79
"2379","314031.cnv",0.0109,80
"2380","314031.cnv",0.0221,81
"2381","314031.cnv",0.0119,82
"2382","314031.cnv",-0.0181,83
"2383","314031.cnv",-0.0211,84
"2384","314031.cnv",-0.0157,85
"2385","314031.cnv",0.0041,86
"2386","314031.cnv",-0.0084,87
"2387","314031.cnv",-0.0152,88
"2388","314031.cnv",-0.0167,89
"2389","314031.cnv",-0.0189,90
"2390","314031.cnv",-0.0231,91
"2391","314031.cnv",-0.0215,92
"2392","314031.cnv",-0.0274,93
"2393","314031.cnv",-0.0221,94
"2394","314031.cnv",-0.032,95
"2395","314031.cnv",-0.0484,96
"2396","314031.cnv",-0.0378,97
"2397","314031.cnv",-0.0542,98
"2398","314031.cnv",-0.0515,99
"2399","314031.cnv",-0.0217,100
"2400","314031.cnv",-0.0635,101
"2401","314032.cnv",0.2358,2
"2402","314032.cnv",0.2101,3
"2403","314032.cnv",0.1877,4
"2404","314032.cnv",0.2259,5
"2405","314032.cnv",0.2362,6
"2406","314032.cnv",0.2505,7
"2407","314032.cnv",0.2482,8
"2408","314032.cnv",0.2286,9
"2409","314032.cnv",0.2514,10
"2410","314032.cnv",0.2461,11
"2411","314032.cnv",0.2437,12
"2412","314032.cnv",0.294,13
"2413","314032.cnv",0.257,14
"2414","314032.cnv",0.2582,15
"2415","314032.cnv",0.2785,16
"2416","314032.cnv",0.3034,17
"2417","314032.cnv",0.3304,18
"2418","314032.cnv",0.3673,19
"2419","314032.cnv",0.4028,20
"2420","314032.cnv",0.4309,21
"2421","314032.cnv",0.473,22
"2422","314032.cnv",0.5022,23
"2423","314032.cnv",0.5177,24
"2424","314032.cnv",0.5324,25
"2425","314032.cnv",0.6157,26
"2426","314032.cnv",0.7274,27
"2427","314032.cnv",0.906,28
"2428","314032.cnv",1.1019,29
"2429","314032.cnv",1.3087,30
"2430","314032.cnv",1.3782,31
"2431","314032.cnv",1.363,32
"2432","314032.cnv",1.3941,33
"2433","314032.cnv",1.367,34
"2434","314032.cnv",1.3895,35
"2435","314032.cnv",1.4009,36
"2436","314032.cnv",1.338,37
"2437","314032.cnv",1.2884,38
"2438","314032.cnv",1.2273,39
"2439","314032.cnv",1.2074,40
"2440","314032.cnv",1.1555,41
"2441","314032.cnv",1.056,42
"2442","314032.cnv",0.9205,43
"2443","314032.cnv",0.8975,44
"2444","314032.cnv",0.896,45
"2445","314032.cnv",0.8968,46
"2446","314032.cnv",0.8189,47
"2447","314032.cnv",0.8023,48
"2448","314032.cnv",0.735,49
"2449","314032.cnv",0.6646,50
"2450","314032.cnv",0.6828,51
"2451","314032.cnv",0.5983,52
"2452","314032.cnv",0.4908,53
"2453","314032.cnv",0.4822,54
"2454","314032.cnv",0.4333,55
"2455","314032.cnv",0.4121,56
"2456","314032.cnv",0.3627,57
"2457","314032.cnv",0.3051,58
"2458","314032.cnv",0.2828,59
"2459","314032.cnv",0.1932,60
"2460","314032.cnv",0.1373,61
"2461","314032.cnv",0.0984,62
"2462","314032.cnv",0.1,63
"2463","314032.cnv",0.0983,64
"2464","314032.cnv",0.1143,65
"2465","314032.cnv",0.1001,66
"2466","314032.cnv",0.1241,67
"2467","314032.cnv",0.1154,68
"2468","314032.cnv",0.1216,69
"2469","314032.cnv",0.1178,70
"2470","314032.cnv",0.1169,71
"2471","314032.cnv",0.1115,72
"2472","314032.cnv",0.0894,73
"2473","314032.cnv",0.0675,74
"2474","314032.cnv",0.0606,75
"2475","314032.cnv",0.0698,76
"2476","314032.cnv",0.0437,77
"2477","314032.cnv",0.0402,78
"2478","314032.cnv",0.036,79
"2479","314032.cnv",0.0216,80
"2480","314032.cnv",0.0224,81
"2481","314032.cnv",0.0232,82
"2482","314032.cnv",0.0239,83
"2483","314032.cnv",0.0214,84
"2484","314032.cnv",0.0026,85
"2485","314032.cnv",0.0228,86
"2486","314032.cnv",0.0261,87
"2487","314032.cnv",0.026,88
"2488","314032.cnv",0.0265,89
"2489","314032.cnv",0.0207,90
"2490","314032.cnv",0.0247,91
"2491","314032.cnv",0.0318,92
"2492","314032.cnv",0.0355,93
"2493","314032.cnv",0.0304,94
"2494","314032.cnv",0.0175,95
"2495","314032.cnv",0.0225,96
"2496","314032.cnv",0.0246,97
"2497","314032.cnv",0.0214,98
"2498","314032.cnv",0.0214,99
"2499","314032.cnv",0.0214,100
"2500","314032.cnv",0.0129,101
"2501","314033.cnv",0.0048,2
"2502","314033.cnv",-0.0234,3
"2503","314033.cnv",-0.0129,4
"2504","314033.cnv",0.0061,5
"2505","314033.cnv",0.0045,6
"2506","314033.cnv",-0.0014,7
"2507","314033.cnv",0.0245,8
"2508","314033.cnv",0.0017,9
"2509","314033.cnv",0.0088,10
"2510","314033.cnv",0.0055,11
"2511","314033.cnv",0.0031,12
"2512","314033.cnv",0.0236,13
"2513","314033.cnv",0.0147,14
"2514","314033.cnv",0.0138,15
"2515","314033.cnv",0.0381,16
"2516","314033.cnv",0.0376,17
"2517","314033.cnv",0.0509,18
"2518","314033.cnv",0.0525,19
"2519","314033.cnv",0.0696,20
"2520","314033.cnv",0.0546,21
"2521","314033.cnv",0.0618,22
"2522","314033.cnv",0.0703,23
"2523","314033.cnv",0.0993,24
"2524","314033.cnv",0.0736,25
"2525","314033.cnv",0.0935,26
"2526","314033.cnv",0.1055,27
"2527","314033.cnv",0.1052,28
"2528","314033.cnv",0.1154,29
"2529","314033.cnv",0.1343,30
"2530","314033.cnv",0.182,31
"2531","314033.cnv",0.2661,32
"2532","314033.cnv",0.3306,33
"2533","314033.cnv",0.4533,34
"2534","314033.cnv",0.5444,35
"2535","314033.cnv",0.7038,36
"2536","314033.cnv",0.8013,37
"2537","314033.cnv",0.8624,38
"2538","314033.cnv",0.9119,39
"2539","314033.cnv",0.8906,40
"2540","314033.cnv",0.8648,41
"2541","314033.cnv",0.8639,42
"2542","314033.cnv",0.8645,43
"2543","314033.cnv",0.8336,44
"2544","314033.cnv",0.8138,45
"2545","314033.cnv",0.83,46
"2546","314033.cnv",0.8135,47
"2547","314033.cnv",0.8151,48
"2548","314033.cnv",0.7723,49
"2549","314033.cnv",0.7243,50
"2550","314033.cnv",0.6675,51
"2551","314033.cnv",0.6198,52
"2552","314033.cnv",0.5864,53
"2553","314033.cnv",0.5949,54
"2554","314033.cnv",0.6382,55
"2555","314033.cnv",0.5984,56
"2556","314033.cnv",0.575,57
"2557","314033.cnv",0.5658,58
"2558","314033.cnv",0.5654,59
"2559","314033.cnv",0.5414,60
"2560","314033.cnv",0.5234,61
"2561","314033.cnv",0.5272,62
"2562","314033.cnv",0.5169,63
"2563","314033.cnv",0.493,64
"2564","314033.cnv",0.5145,65
"2565","314033.cnv",0.4992,66
"2566","314033.cnv",0.457,67
"2567","314033.cnv",0.4473,68
"2568","314033.cnv",0.4182,69
"2569","314033.cnv",0.3687,70
"2570","314033.cnv",0.3207,71
"2571","314033.cnv",0.266,72
"2572","314033.cnv",0.2773,73
"2573","314033.cnv",0.2242,74
"2574","314033.cnv",0.1905,75
"2575","314033.cnv",0.1803,76
"2576","314033.cnv",0.1514,77
"2577","314033.cnv",0.1333,78
"2578","314033.cnv",0.1152,79
"2579","314033.cnv",0.1073,80
"2580","314033.cnv",0.1069,81
"2581","314033.cnv",0.0964,82
"2582","314033.cnv",0.087,83
"2583","314033.cnv",0.0807,84
"2584","314033.cnv",0.0802,85
"2585","314033.cnv",0.0702,86
"2586","314033.cnv",0.0611,87
"2587","314033.cnv",0.0479,88
"2588","314033.cnv",0.0441,89
"2589","314033.cnv",0.0635,90
"2590","314033.cnv",0.0631,91
"2591","314033.cnv",0.0335,92
"2592","314033.cnv",0.0231,93
"2593","314033.cnv",0.0274,94
"2594","314033.cnv",0.0147,95
"2595","314033.cnv",-0.0018,96
"2596","314033.cnv",0.0085,97
"2597","314033.cnv",0.0092,98
"2598","314033.cnv",-8e-04,99
"2599","314033.cnv",-0.003,100
"2600","314033.cnv",-0.0302,101
"2601","314034.cnv",-0.0136,2
"2602","314034.cnv",-0.0078,3
"2603","314034.cnv",-0.0138,4
"2604","314034.cnv",-0.0041,5
"2605","314034.cnv",-0.0022,6
"2606","314034.cnv",-0.0233,7
"2607","314034.cnv",0.0088,8
"2608","314034.cnv",-0.0134,9
"2609","314034.cnv",-0.0218,10
"2610","314034.cnv",-0.0042,11
"2611","314034.cnv",-0.0049,12
"2612","314034.cnv",-0.0067,13
"2613","314034.cnv",-0.003,14
"2614","314034.cnv",-0.003,15
"2615","314034.cnv",0.0109,16
"2616","314034.cnv",0.0087,17
"2617","314034.cnv",-0.0027,18
"2618","314034.cnv",0.0328,19
"2619","314034.cnv",0.0219,20
"2620","314034.cnv",0.0228,21
"2621","314034.cnv",0.058,22
"2622","314034.cnv",0.0624,23
"2623","314034.cnv",0.0457,24
"2624","314034.cnv",0.0491,25
"2625","314034.cnv",0.0667,26
"2626","314034.cnv",0.0829,27
"2627","314034.cnv",0.0755,28
"2628","314034.cnv",0.0757,29
"2629","314034.cnv",0.0897,30
"2630","314034.cnv",0.0807,31
"2631","314034.cnv",0.0793,32
"2632","314034.cnv",0.0736,33
"2633","314034.cnv",0.0713,34
"2634","314034.cnv",0.097,35
"2635","314034.cnv",0.0974,36
"2636","314034.cnv",0.2112,37
"2637","314034.cnv",0.3185,38
"2638","314034.cnv",0.4762,39
"2639","314034.cnv",0.6013,40
"2640","314034.cnv",0.7181,41
"2641","314034.cnv",0.8255,42
"2642","314034.cnv",0.9444,43
"2643","314034.cnv",1.0565,44
"2644","314034.cnv",1.0511,45
"2645","314034.cnv",1.0547,46
"2646","314034.cnv",1.0771,47
"2647","314034.cnv",1.0715,48
"2648","314034.cnv",1.0556,49
"2649","314034.cnv",1.0093,50
"2650","314034.cnv",0.9432,51
"2651","314034.cnv",0.9257,52
"2652","314034.cnv",0.925,53
"2653","314034.cnv",0.9017,54
"2654","314034.cnv",0.8748,55
"2655","314034.cnv",0.7479,56
"2656","314034.cnv",0.6861,57
"2657","314034.cnv",0.6646,58
"2658","314034.cnv",0.655,59
"2659","314034.cnv",0.6513,60
"2660","314034.cnv",0.641,61
"2661","314034.cnv",0.6417,62
"2662","314034.cnv",0.6406,63
"2663","314034.cnv",0.6158,64
"2664","314034.cnv",0.5698,65
"2665","314034.cnv",0.5581,66
"2666","314034.cnv",0.5647,67
"2667","314034.cnv",0.5511,68
"2668","314034.cnv",0.5603,69
"2669","314034.cnv",0.5396,70
"2670","314034.cnv",0.4881,71
"2671","314034.cnv",0.4628,72
"2672","314034.cnv",0.4234,73
"2673","314034.cnv",0.3409,74
"2674","314034.cnv",0.2916,75
"2675","314034.cnv",0.3023,76
"2676","314034.cnv",0.2336,77
"2677","314034.cnv",0.2077,78
"2678","314034.cnv",0.205,79
"2679","314034.cnv",0.1915,80
"2680","314034.cnv",0.154,81
"2681","314034.cnv",0.1405,82
"2682","314034.cnv",0.1476,83
"2683","314034.cnv",0.1324,84
"2684","314034.cnv",0.1085,85
"2685","314034.cnv",0.0991,86
"2686","314034.cnv",0.0898,87
"2687","314034.cnv",0.0822,88
"2688","314034.cnv",0.0492,89
"2689","314034.cnv",0.0314,90
"2690","314034.cnv",0.0305,91
"2691","314034.cnv",0.0263,92
"2692","314034.cnv",0.0144,93
"2693","314034.cnv",0.0084,94
"2694","314034.cnv",0.0259,95
"2695","314034.cnv",0.015,96
"2696","314034.cnv",-0.0134,97
"2697","314034.cnv",-0.0027,98
"2698","314034.cnv",-0.0058,99
"2699","314034.cnv",-0.0154,100
"2700","314034.cnv",-0.008,101
"2701","314035.cnv",0.0889,2
"2702","314035.cnv",0.0659,3
"2703","314035.cnv",0.1047,4
"2704","314035.cnv",0.0658,5
"2705","314035.cnv",0.0941,6
"2706","314035.cnv",0.0752,7
"2707","314035.cnv",0.0716,8
"2708","314035.cnv",0.0785,9
"2709","314035.cnv",0.0826,10
"2710","314035.cnv",0.0816,11
"2711","314035.cnv",0.0683,12
"2712","314035.cnv",0.0667,13
"2713","314035.cnv",0.0346,14
"2714","314035.cnv",0.0366,15
"2715","314035.cnv",0.0463,16
"2716","314035.cnv",0.0558,17
"2717","314035.cnv",0.0539,18
"2718","314035.cnv",0.0437,19
"2719","314035.cnv",0.066,20
"2720","314035.cnv",0.0566,21
"2721","314035.cnv",0.0714,22
"2722","314035.cnv",0.0974,23
"2723","314035.cnv",0.1073,24
"2724","314035.cnv",0.1163,25
"2725","314035.cnv",0.1628,26
"2726","314035.cnv",0.2136,27
"2727","314035.cnv",0.28,28
"2728","314035.cnv",0.3579,29
"2729","314035.cnv",0.5039,30
"2730","314035.cnv",0.5615,31
"2731","314035.cnv",0.7606,32
"2732","314035.cnv",0.6733,33
"2733","314035.cnv",0.717,34
"2734","314035.cnv",0.6349,35
"2735","314035.cnv",0.5758,36
"2736","314035.cnv",0.5502,37
"2737","314035.cnv",0.5795,38
"2738","314035.cnv",0.539,39
"2739","314035.cnv",0.4994,40
"2740","314035.cnv",0.5735,41
"2741","314035.cnv",0.6889,42
"2742","314035.cnv",0.6783,43
"2743","314035.cnv",0.8378,44
"2744","314035.cnv",0.8774,45
"2745","314035.cnv",0.8706,46
"2746","314035.cnv",0.8388,47
"2747","314035.cnv",0.8453,48
"2748","314035.cnv",0.8832,49
"2749","314035.cnv",0.983,50
"2750","314035.cnv",0.8217,51
"2751","314035.cnv",0.8089,52
"2752","314035.cnv",0.756,53
"2753","314035.cnv",0.7758,54
"2754","314035.cnv",0.785,55
"2755","314035.cnv",0.8229,56
"2756","314035.cnv",0.8723,57
"2757","314035.cnv",0.8602,58
"2758","314035.cnv",0.8426,59
"2759","314035.cnv",0.8579,60
"2760","314035.cnv",0.8144,61
"2761","314035.cnv",0.7322,62
"2762","314035.cnv",0.7068,63
"2763","314035.cnv",0.786,64
"2764","314035.cnv",0.7263,65
"2765","314035.cnv",0.609,66
"2766","314035.cnv",0.6576,67
"2767","314035.cnv",0.6618,68
"2768","314035.cnv",0.7033,69
"2769","314035.cnv",0.6537,70
"2770","314035.cnv",0.7321,71
"2771","314035.cnv",0.7205,72
"2772","314035.cnv",0.6852,73
"2773","314035.cnv",0.6573,74
"2774","314035.cnv",0.6554,75
"2775","314035.cnv",0.6,76
"2776","314035.cnv",0.5333,77
"2777","314035.cnv",0.4982,78
"2778","314035.cnv",0.509,79
"2779","314035.cnv",0.4431,80
"2780","314035.cnv",0.3978,81
"2781","314035.cnv",0.3865,82
"2782","314035.cnv",0.3501,83
"2783","314035.cnv",0.3761,84
"2784","314035.cnv",0.2887,85
"2785","314035.cnv",0.2175,86
"2786","314035.cnv",0.2168,87
"2787","314035.cnv",0.1991,88
"2788","314035.cnv",0.1483,89
"2789","314035.cnv",0.1149,90
"2790","314035.cnv",0.1227,91
"2791","314035.cnv",0.1205,92
"2792","314035.cnv",0.1052,93
"2793","314035.cnv",0.0743,94
"2794","314035.cnv",0.0611,95
"2795","314035.cnv",0.0585,96
"2796","314035.cnv",0.0694,97
"2797","314035.cnv",0.0501,98
"2798","314035.cnv",0.0284,99
"2799","314035.cnv",0.0186,100
"2800","314035.cnv",0.008,101
"2801","314036.cnv",0.0668,2
"2802","314036.cnv",0.0692,3
"2803","314036.cnv",0.0815,4
"2804","314036.cnv",0.055,5
"2805","314036.cnv",0.0675,6
"2806","314036.cnv",0.0545,7
"2807","314036.cnv",0.0572,8
"2808","314036.cnv",0.071,9
"2809","314036.cnv",0.0703,10
"2810","314036.cnv",0.0801,11
"2811","314036.cnv",0.0658,12
"2812","314036.cnv",0.0694,13
"2813","314036.cnv",0.0843,14
"2814","314036.cnv",0.0879,15
"2815","314036.cnv",0.0659,16
"2816","314036.cnv",0.0693,17
"2817","314036.cnv",0.0827,18
"2818","314036.cnv",0.0923,19
"2819","314036.cnv",0.0744,20
"2820","314036.cnv",0.0754,21
"2821","314036.cnv",0.0687,22
"2822","314036.cnv",0.0721,23
"2823","314036.cnv",0.0759,24
"2824","314036.cnv",0.0697,25
"2825","314036.cnv",0.0725,26
"2826","314036.cnv",0.0819,27
"2827","314036.cnv",0.0748,28
"2828","314036.cnv",0.1063,29
"2829","314036.cnv",0.1,30
"2830","314036.cnv",0.1242,31
"2831","314036.cnv",0.1308,32
"2832","314036.cnv",0.1313,33
"2833","314036.cnv",0.2358,34
"2834","314036.cnv",0.3585,35
"2835","314036.cnv",0.3241,36
"2836","314036.cnv",0.3404,37
"2837","314036.cnv",0.4108,38
"2838","314036.cnv",0.5302,39
"2839","314036.cnv",0.5771,40
"2840","314036.cnv",0.5622,41
"2841","314036.cnv",0.6831,42
"2842","314036.cnv",0.6808,43
"2843","314036.cnv",0.7202,44
"2844","314036.cnv",0.7,45
"2845","314036.cnv",0.6482,46
"2846","314036.cnv",0.6541,47
"2847","314036.cnv",0.7101,48
"2848","314036.cnv",0.7687,49
"2849","314036.cnv",0.7294,50
"2850","314036.cnv",0.7236,51
"2851","314036.cnv",0.7264,52
"2852","314036.cnv",0.7106,53
"2853","314036.cnv",0.6651,54
"2854","314036.cnv",0.633,55
"2855","314036.cnv",0.6217,56
"2856","314036.cnv",0.5755,57
"2857","314036.cnv",0.5603,58
"2858","314036.cnv",0.5715,59
"2859","314036.cnv",0.5599,60
"2860","314036.cnv",0.5508,61
"2861","314036.cnv",0.584,62
"2862","314036.cnv",0.6477,63
"2863","314036.cnv",0.6684,64
"2864","314036.cnv",0.6091,65
"2865","314036.cnv",0.5379,66
"2866","314036.cnv",0.5278,67
"2867","314036.cnv",0.475,68
"2868","314036.cnv",0.5041,69
"2869","314036.cnv",0.4771,70
"2870","314036.cnv",0.5022,71
"2871","314036.cnv",0.4586,72
"2872","314036.cnv",0.452,73
"2873","314036.cnv",0.4717,74
"2874","314036.cnv",0.4086,75
"2875","314036.cnv",0.4298,76
"2876","314036.cnv",0.416,77
"2877","314036.cnv",0.4041,78
"2878","314036.cnv",0.4403,79
"2879","314036.cnv",0.4058,80
"2880","314036.cnv",0.3871,81
"2881","314036.cnv",0.3378,82
"2882","314036.cnv",0.2988,83
"2883","314036.cnv",0.3002,84
"2884","314036.cnv",0.2547,85
"2885","314036.cnv",0.2898,86
"2886","314036.cnv",0.2554,87
"2887","314036.cnv",0.1388,88
"2888","314036.cnv",0.1283,89
"2889","314036.cnv",0.1296,90
"2890","314036.cnv",0.1117,91
"2891","314036.cnv",0.0966,92
"2892","314036.cnv",0.0802,93
"2893","314036.cnv",0.0491,94
"2894","314036.cnv",0.0398,95
"2895","314036.cnv",0.0316,96
"2896","314036.cnv",0.0189,97
"2897","314036.cnv",0.0206,98
"2898","314036.cnv",0.0348,99
"2899","314036.cnv",0.0419,100
"2900","314036.cnv",0.0183,101
"2901","m1",1.5622,0.5
"2902","m1",1.7593,1.4
"2903","m1",1.4308,2.4
"2904","m1",1.533,3.6
"2905","m1",1.59505,4.7
"2906","m1",1.4308,5.7
"2907","m1",1.6717,6.4
"2908","m1",1.76295,7.5
"2909","m1",1.46,8.8
"2910","m1",1.4527,9.6
"2911","m1",1.55709,12.7
"2912","m1",1.47679,17.8
"2913","m1",1.5038,22.5
"2914","m1",1.64104,27.2
"2915","m1",1.47314,32.1
"2916","m1",1.3067,37.1
"2917","m1",1.11836,42.6
"2918","m1",0.74971,47.9
"2919","m1",0.43435,52.7
"2920","m1",0.3212,57.5
"2921","m1",0.26645,62.3
"2922","m1",0.20294,67.6
"2923","m1",0.18615,72.7
"2924","m1",0.16352,77.8
"2925","m1",0.1168,82.7
"2926","m1",0.10366,87.4
"2927","m1",0.0803,92.7
"2928","m1",0.05986,97.5
"2929","m1",0.03942,102.3
"2930","m10",0.3796,0.2
"2931","m10",-0.11315,2
"2932","m10",0.4745,2.8
"2933","m10",0.4161,3.7
"2934","m10",0.3942,4.6
"2935","m10",0.4964,5.7
"2936","m10",0.4234,6.7
"2937","m10",0.3942,7.7
"2938","m10",0.3942,8.8
"2939","m10",0.4307,9.8
"2940","m10",0.48034,12.9
"2941","m10",0.4745,17.6
"2942","m10",0.5037,22.4
"2943","m10",0.53728,27.6
"2944","m10",1.0877,32.3
"2945","m10",1.01543,37.8
"2946","m10",0.75628,42.6
"2947","m10",0.82271,47.6
"2948","m10",0.69204,52.4
"2949","m10",0.43143,57.5
"2950","m10",0.3285,62.7
"2951","m10",0.2482,67.5
"2952","m10",0.16936,72.2
"2953","m10",0.14089,77.1
"2954","m10",0.11315,82.3
"2955","m10",0.06935,87.7
"2956","m10",0.04526,92.9
"2957","m10",0.0365,97.7
"2958","m10",0.0292,102.7
"2959","m11",0.7519,1
"2960","m11",0.4891,1.9
"2961","m11",0.8906,2.9
"2962","m11",0.7446,3.8
"2963","m11",0.8322,4.9
"2964","m11",0.8176,5.9
"2965","m11",0.9563,7
"2966","m11",0.9052,8.2
"2967","m11",0.9052,9.3
"2968","m11",0.95046,12.3
"2969","m11",0.9782,17.4
"2970","m11",0.9344,22.7
"2971","m11",0.9198,27.9
"2972","m11",0.9855,33.1
"2973","m11",0.97601,38
"2974","m11",1.0512,42.8
"2975","m11",1.01981,47.6
"2976","m11",0.88476,52.4
"2977","m11",0.5402,57.1
"2978","m11",0.34748,62.6
"2979","m11",0.23141,67.5
"2980","m11",0.1971,71.9
"2981","m11",0.19856,77.2
"2982","m11",0.14965,82.7
"2983","m11",0.14089,87.7
"2984","m11",0.11096,92.5
"2985","m11",0.08979,97.3
"2986","m11",0.073,102.1
"2987","m14",0.68255,0.1
"2988","m14",0.9417,1.8
"2989","m14",0.8468,2.9
"2990","m14",0.8176,4
"2991","m14",0.9344,5.1
"2992","m14",0.8979,6.2
"2993","m14",0.8687,7.4
"2994","m14",0.9052,8.6
"2995","m14",0.9709,9.8
"2996","m14",0.9271,12.7
"2997","m14",0.89571,17.4
"2998","m14",0.88111,22.3
"2999","m14",0.90666,27.6
"3000","m14",0.81906,32.7
"3001","m14",0.74095,37.9
"3002","m14",0.6351,42.6
"3003","m14",0.56575,47.5
"3004","m14",0.40661,52.3
"3005","m14",0.26061,57.2
"3006","m14",0.2117,62.8
"3007","m14",0.19491,67.5
"3008","m14",0.14235,72.1
"3009","m14",0.11826,77.2
"3010","m14",0.0876,82.3
"3011","m14",0.05475,87.3
"3012","m14",0.03942,92.4
"3013","m14",0.03431,97.5
"3014","m14",0.02555,102.3
"3015","m16",0.5402,0.4
"3016","m16",0.5183,1.4
"3017","m16",0.5402,2.3
"3018","m16",0.5183,3.5
"3019","m16",0.5913,4.8
"3020","m16",0.584,5.6
"3021","m16",0.6278,6.5
"3022","m16",0.584,7.3
"3023","m16",0.5694,8.3
"3024","m16",0.6278,9.5
"3025","m16",0.63072,12.7
"3026","m16",0.75409,17.7
"3027","m16",1.01032,23
"3028","m16",0.96944,27.7
"3029","m16",0.93002,32.7
"3030","m16",0.86286,37.7
"3031","m16",0.69934,42.4
"3032","m16",0.4234,47.7
"3033","m16",0.31171,52.7
"3034","m16",0.27667,57.7
"3035","m16",0.22849,62.6
"3036","m16",0.14235,67.7
"3037","m16",0.13286,72.5
"3038","m16",0.09344,77.2
"3039","m16",0.08614,82.2
"3040","m16",0.09855,87.4
"3041","m16",0.08322,92.6
"3042","m16",0.06132,97.4
"3043","m16",0.04672,102.7
"3044","m17",1.2337,0.2
"3045","m17",1.6206,1.1
"3046","m17",1.7447,1.9
"3047","m17",1.606,2.9
"3048","m17",1.7155,3.9
"3049","m17",1.9345,4.8
"3050","m17",2.0659,5.8
"3051","m17",2.3579,6.7
"3052","m17",1.7155,7.6
"3053","m17",1.6717,8.6
"3054","m17",1.825,9.6
"3055","m17",1.68338,12.3
"3056","m17",1.81259,17.2
"3057","m17",1.64761,22.5
"3058","m17",0.84826,27.8
"3059","m17",0.68182,32.6
"3060","m17",0.54458,37.4
"3061","m17",0.42851,42.7
"3062","m17",0.34602,47.7
"3063","m17",0.31025,52.7
"3064","m17",0.292,57.6
"3065","m17",0.14381,62.8
"3066","m17",0.09344,67.8
"3067","m17",0.0876,72.6
"3068","m17",0.07446,77.4
"3069","m17",0.06424,82.7
"3070","m17",0.0511,87.9
"3071","m17",0.0365,92.5
"3072","m17",0.03212,97.4
"3073","m18",0.876,0.4
"3074","m18",0.8395,1.6
"3075","m18",1.0877,2.6
"3076","m18",0.9782,3.7
"3077","m18",1.2191,4.8
"3078","m18",1.095,5.8
"3079","m18",1.4235,6.9
"3080","m18",1.1388,7.8
"3081","m18",1.2848,9
"3082","m18",1.21472,12.5
"3083","m18",1.3578,17.7
"3084","m18",1.38554,22.8
"3085","m18",1.54906,28
"3086","m18",2.30826,33
"3087","m18",1.58994,37.9
"3088","m18",1.0512,42.5
"3089","m18",0.70226,47.3
"3090","m18",0.50078,52.6
"3091","m18",0.41902,57.3
"3092","m18",0.32631,62.3
"3093","m18",0.25696,67.6
"3094","m18",0.22046,72.6
"3095","m18",0.18031,77.4
"3096","m18",0.13651,82.2
"3097","m18",0.09198,87.4
"3098","m18",0.05621,92.8
"3099","m18",0.04161,97.6
"3100","m18",0.03358,102.7
"3101","m18",NA,NA
"3102","m19",0.52925,0.4
"3103","m19",0.5621,1.5
"3104","m19",0.6862,2.4
"3105","m19",0.7154,3.2
"3106","m19",0.63875,4
"3107","m19",0.8322,4.8
"3108","m19",0.6059,5.6
"3109","m19",0.7154,6.5
"3110","m19",0.7665,7.3
"3111","m19",0.7373,8.5
"3112","m19",0.84461,9.8
"3113","m19",0.88622,12.5
"3114","m19",0.90666,17.6
"3115","m19",0.93805,22.8
"3116","m19",1.48628,27.3
"3117","m19",2.20825,32.2
"3118","m19",1.7739,37.3
"3119","m19",0.8906,42.3
"3120","m19",0.77526,47.7
"3121","m19",0.59276,52.5
"3122","m19",0.40442,57.4
"3123","m19",0.23141,62.7
"3124","m19",0.16206,67.4
"3125","m19",0.14892,72.3
"3126","m19",0.1095,77.6
"3127","m19",0.0949,82.3
"3128","m19",0.0657,87.3
"3129","m19",0.05694,92.4
"3130","m19",0.05621,97.6
"3131","m2",0.2263,0.5
"3132","m2",1.0074,1.3
"3133","m2",0.9782,2.6
"3134","m2",1.5111,3.6
"3135","m2",1.1607,4.4
"3136","m2",1.33225,5.5
"3137","m2",1.7009,6.5
"3138","m2",1.4819,7.6
"3139","m2",1.2994,8.7
"3140","m2",1.4089,9.5
"3141","m2",1.57607,12.4
"3142","m2",1.43445,17.4
"3143","m2",1.44029,22.5
"3144","m2",1.47825,27.7
"3145","m2",1.43591,32.7
"3146","m2",1.49796,37.4
"3147","m2",1.0147,42.4
"3148","m2",0.72854,47.3
"3149","m2",0.51611,52.4
"3150","m2",0.4088,57.6
"3151","m2",0.25331,62.7
"3152","m2",0.18834,67.7
"3153","m2",0.14308,72.3
"3154","m2",0.13651,77.3
"3155","m2",0.12191,82.6
"3156","m2",0.09636,87.5
"3157","m2",0.0657,92.5
"3158","m2",0.05256,97.6
"3159","m2",0.04599,102.5
"3160","m3",0.9636,0.2
"3161","m3",1.0731,1.6
"3162","m3",1.5476,2.6
"3163","m3",1.7666,3.5
"3164","m3",1.9272,4.4
"3165","m3",1.6717,5.4
"3166","m3",1.6644,6.4
"3167","m3",1.387,7.4
"3168","m3",1.6571,8.4
"3169","m3",1.5987,9.4
"3170","m3",1.48044,12.4
"3171","m3",1.43518,17.5
"3172","m3",1.52424,22.2
"3173","m3",1.85566,27.4
"3174","m3",1.5549,32.9
"3175","m3",0.8906,37.7
"3176","m3",0.55991,42.6
"3177","m3",0.38836,47.6
"3178","m3",0.21681,52.7
"3179","m3",0.1679,57.9
"3180","m3",0.15549,62.5
"3181","m3",0.14235,67.1
"3182","m3",0.1168,72.4
"3183","m3",0.08395,77.8
"3184","m3",0.05329,82.5
"3185","m3",0.05986,87.2
"3186","m3",0.0438,92.5
"3187","m3",0.03066,97.7
"3188","m3",0.02555,102.8
"3189","m4",0.85775,0.1
"3190","m4",0.9198,1.7
"3191","m4",1.0658,2.9
"3192","m4",0.9855,4
"3193","m4",1.0585,5.1
"3194","m4",1.0658,6.3
"3195","m4",1.022,7.4
"3196","m4",1.2629,8.6
"3197","m4",1.1899,9.9
"3198","m4",1.1826,13.1
"3199","m4",1.22859,17.5
"3200","m4",1.32276,21.9
"3201","m4",1.41474,27.4
"3202","m4",1.58921,32.7
"3203","m4",1.3578,37.7
"3204","m4",0.66065,43
"3205","m4",0.3942,47.7
"3206","m4",0.25915,52.2
"3207","m4",0.20221,57.2
"3208","m4",0.23506,62.6
"3209","m4",0.20586,67.8
"3210","m4",0.17885,72.3
"3211","m4",0.14746,77.3
"3212","m4",0.11096,82.7
"3213","m4",0.09052,87.3
"3214","m4",0.06497,92.6
"3215","m4",0.04161,97.8
"3216","m4",0.03358,102.4
"3217","m5",0.49275,0.1
"3218","m5",0.8249,1.9
"3219","m5",1.4819,3
"3220","m5",1.1826,4.2
"3221","m5",1.2994,5.3
"3222","m5",1.1826,6.5
"3223","m5",1.2483,7.8
"3224","m5",1.3213,9
"3225","m5",1.387,12.1
"3226","m5",1.30524,17.3
"3227","m5",1.2629,22.5
"3228","m5",1.58994,27.5
"3229","m5",1.4016,32.5
"3230","m5",0.65846,37.1
"3231","m5",0.35551,42
"3232","m5",0.26061,47
"3233","m5",0.25915,52
"3234","m5",0.3869,57.1
"3235","m5",0.33945,62.5
"3236","m5",0.21681,67.9
"3237","m5",0.1679,72.8
"3238","m5",0.1606,77.7
"3239","m5",0.12629,82.8
"3240","m5",0.09125,87.8
"3241","m5",0.05329,92.7
"3242","m5",0.04526,97.6
"3243","m5",0.0292,102.4
"3244","m6",0.9271,0.2
"3245","m6",0.5913,1.2
"3246","m6",0.5694,2.1
"3247","m6",0.6059,3.1
"3248","m6",0.6132,4.2
"3249","m6",0.6205,5.2
"3250","m6",0.6716,6.2
"3251","m6",0.5621,7.2
"3252","m6",0.6059,8.2
"3253","m6",0.7227,9.1
"3254","m6",0.7738,12.3
"3255","m6",1.30451,17.3
"3256","m6",1.5184,22
"3257","m6",1.24246,27
"3258","m6",0.47085,32
"3259","m6",0.3066,37.2
"3260","m6",0.28105,42.5
"3261","m6",0.2117,47.7
"3262","m6",0.20221,52.4
"3263","m6",0.1533,57.1
"3264","m6",0.12556,62.5
"3265","m6",0.1314,67.9
"3266","m6",0.11169,72.4
"3267","m6",0.09271,77
"3268","m6",0.1168,82
"3269","m6",0.09782,87.6
"3270","m6",0.09125,92.9
"3271","m6",0.07665,97.5
"3272","m6",0.06424,102.5
"3273","m7",0.2847,0.6
"3274","m7",0.2409,1.8
"3275","m7",0.2701,2.6
"3276","m7",0.3066,3.3
"3277","m7",0.3431,4.2
"3278","m7",0.5694,5.5
"3279","m7",0.6716,6.9
"3280","m7",0.6643,7.8
"3281","m7",0.6351,8.8
"3282","m7",0.657,9.8
"3283","m7",1.10814,12.8
"3284","m7",1.6863,17.6
"3285","m7",2.02502,22.4
"3286","m7",1.66951,27.7
"3287","m7",1.45416,32.5
"3288","m7",1.14756,37.4
"3289","m7",0.67306,42.7
"3290","m7",0.30368,47.6
"3291","m7",0.16206,52.5
"3292","m7",0.16936,57.5
"3293","m7",0.20732,62.5
"3294","m7",0.1971,67.2
"3295","m7",0.1679,72.3
"3296","m7",0.08541,77.7
"3297","m7",0.06716,82.8
"3298","m7",0.06132,87.6
"3299","m7",0.0438,92.5
"3300","m7",0.03796,97.6
"3301","m7",0.03066,102.3
"3302","m8",0.7008,0.4
"3303","m8",0.7081,1.4
"3304","m8",0.6789,2.4
"3305","m8",0.70445,3.5
"3306","m8",0.73,4.5
"3307","m8",0.7008,5.5
"3308","m8",0.7227,6.6
"3309","m8",0.7008,7.3
"3310","m8",0.68985,8.5
"3311","m8",0.6643,9.6
"3312","m8",0.72562,12.7
"3313","m8",0.7446,17.7
"3314","m8",0.74022,22.6
"3315","m8",0.72635,27.4
"3316","m8",0.86724,32.1
"3317","m8",0.59349,37.5
"3318","m8",0.39128,42.9
"3319","m8",0.5256,48
"3320","m8",0.46866,52.6
"3321","m8",0.60298,57.4
"3322","m8",0.54385,62.3
"3323","m8",0.3869,67.2
"3324","m8",0.3577,72.8
"3325","m8",0.33726,77.5
"3326","m8",0.23944,82.2
"3327","m8",0.1387,87.6
"3328","m8",0.1168,92.7
"3329","m8",0.11096,97.3
"3330","m8",0.0657,102.2
"3331","m9",0.4015,1.5
"3332","m9",0.7592,2.4
"3333","m9",0.4307,3.4
"3334","m9",0.4161,4.4
"3335","m9",0.4161,5.3
"3336","m9",0.4307,6.3
"3337","m9",0.4088,7.2
"3338","m9",0.4234,8.2
"3339","m9",0.4234,9.2
"3340","m9",0.46501,12.4
"3341","m9",0.77672,17.2
"3342","m9",0.96944,22.1
"3343","m9",0.97382,27.6
"3344","m9",1.5184,32.7
"3345","m9",1.24611,37.2
"3346","m9",1.03222,42.4
"3347","m9",0.82271,47.5
"3348","m9",0.44311,52.2
"3349","m9",0.29346,57.6
"3350","m9",0.24236,63
"3351","m9",0.20075,67.7
"3352","m9",0.146,72.4
"3353","m9",0.12848,77.5
"3354","m9",0.09271,82.7
"3355","m9",0.07446,87.4
"3356","m9",0.07081,92.2
"3357","m9",0.05256,97.7
"3358","m9",0.04891,102.6
